ID,Vehicles
20170701001,70.77511364539825
20170701002,27.973714607562172
20170701003,35.71515355031422
20170701004,10.075562102540491
20170701011,61.039981602291505
20170701012,23.632467253972465
20170701013,22.617317014320424
20170701014,7.638256262359247
20170701021,49.93746889447136
20170701022,22.296485041640164
20170701023,14.7042292401385
20170701024,6.39219329181652
20170701031,41.93045981367223
20170701032,18.03713516649373
20170701033,10.11423959504803
20170701034,5.077859036514792
20170701041,36.27967156695282
20170701042,14.169496603280669
20170701043,7.413139552533741
20170701044,4.443697038639822
20170701051,31.831163671756258
20170701052,12.726680755896162
20170701053,7.190365573441039
20170701054,3.9396131760407704
20170701061,34.68883875959303
20170701062,13.479246605658716
20170701063,7.453717895287012
20170701064,4.297702690349748
20170701071,38.40623567689598
20170701072,14.366533427192959
20170701073,9.28026087237867
20170701074,4.438154332925057
20170701081,41.38302798800742
20170701082,14.279188341498498
20170701083,9.794833065798887
20170701084,4.950458510588325
20170701091,45.81878883858552
20170701092,15.615125761556737
20170701093,12.582414232642252
20170701094,6.217451452288576
20170701101,52.30425660387181
20170701102,17.07083986906059
20170701103,16.10596622228032
20170701104,8.900169105932592
20170701111,58.14900109022891
20170701112,18.18654725242752
20170701113,17.626175908593368
20170701114,9.646670085470946
20170701121,59.73553386513337
20170701122,17.790751487233482
20170701123,18.98293503436263
20170701124,10.039289955478507
20170701131,53.627557006320956
20170701132,17.498300437704778
20170701133,18.907762513353678
20170701134,8.87746778070285
20170701141,54.55824986960759
20170701142,17.341294614634442
20170701143,19.393128695220724
20170701144,9.146058502694467
20170701151,54.378519165522086
20170701152,17.295196088184035
20170701153,19.63921866423169
20170701154,9.392893083769891
20170701161,54.410350364780506
20170701162,17.491952130141907
20170701163,20.501753755465103
20170701164,9.110133627824132
20170701171,53.46707424785677
20170701172,18.12730557792516
20170701173,22.036692353734313
20170701174,9.444293091600251
20170701181,58.00088245702489
20170701182,19.28729800443301
20170701183,27.680012983570776
20170701184,9.920032739711317
20170701191,62.22977137578557
20170701192,20.545004431907067
20170701193,35.71168061612044
20170701194,9.604076863503956
20170701201,62.8714219674004
20170701202,21.02598213683669
20170701203,40.64012247638034
20170701204,10.58501293484165
20170701211,61.129876509020164
20170701212,20.400010535937028
20170701213,36.65501638504509
20170701214,10.440057556029734
20170701221,59.940818032234716
20170701222,20.048643381022405
20170701223,33.06370280314344
20170701224,10.132633630213814
20170701231,59.13066627824763
20170701232,19.47442687930613
20170701233,31.017931625690544
20170701234,9.22469670455697
20170702001,56.33536601301675
20170702002,19.556816605747688
20170702003,26.203343976628243
20170702004,7.286572778701757
20170702011,45.858387181640296
20170702012,17.511321506374866
20170702013,16.601940050180986
20170702014,6.4026260355653335
20170702021,38.68162409471596
20170702022,16.62163686322021
20170702023,12.33176911672264
20170702024,4.721646705856714
20170702031,33.91237606584826
20170702032,14.430643470283607
20170702033,8.876371647060772
20170702034,4.320216727688563
20170702041,29.126130442588543
20170702042,11.713715394282564
20170702043,6.912037816952158
20170702044,3.8407657399366144
20170702051,25.97204126251798
20170702052,11.326801404093661
20170702053,7.212832640088529
20170702054,3.863760543752936
20170702061,28.23080105002007
20170702062,11.80509264500456
20170702063,6.719035935391996
20170702064,3.9261007015627647
20170702071,31.421787815158652
20170702072,12.095019024962237
20170702073,8.62775451679726
20170702074,4.5225915001913055
20170702081,34.83534015582712
20170702082,12.297883109223053
20170702083,9.91664338385293
20170702084,5.048540017123258
20170702091,41.79350353395945
20170702092,13.45841770356275
20170702093,12.11577951827205
20170702094,5.615209186926802
20170702101,49.92967146162984
20170702102,14.632868215783775
20170702103,15.110555873633281
20170702104,7.240584369485135
20170702111,54.160820348170084
20170702112,16.64019889624191
20170702113,17.58025722647542
20170702114,8.049636399882722
20170702121,56.54308331171033
20170702122,16.12094062452259
20170702123,18.01331271177769
20170702124,7.661697425086669
20170702131,52.21116738235205
20170702132,15.746910361854166
20170702133,16.6873428096614
20170702134,7.329098267344665
20170702141,53.15550230003543
20170702142,15.487532524370803
20170702143,16.6501369875054
20170702144,7.498779209379694
20170702151,53.237397572665984
20170702152,16.18788103258568
20170702153,17.095514486917953
20170702154,7.796667549026041
20170702161,55.16449552405015
20170702162,15.786479138716588
20170702163,17.280999392735296
20170702164,7.28656389392207
20170702171,55.2199409806962
20170702172,16.770311745064216
20170702173,17.403733625405668
20170702174,8.000122705044795
20170702181,59.80188106856372
20170702182,17.998650234329627
20170702183,19.884944362273668
20170702184,7.894350958636164
20170702191,64.0219434132757
20170702192,19.629785852675468
20170702193,20.99016335344554
20170702194,7.925778451301845
20170702201,65.4206852118739
20170702202,19.996823255789657
20170702203,22.604412656255708
20170702204,9.400273824094144
20170702211,62.67427406886449
20170702212,19.519690212809667
20170702213,22.92971115260334
20170702214,8.621899006985789
20170702221,62.08615599307536
20170702222,19.56807386049836
20170702223,22.725373515731235
20170702224,9.183056623389417
20170702231,60.74914192928412
20170702232,18.935816635569623
20170702233,22.560664057496215
20170702234,8.117808977051478
20170703001,56.19840466715151
20170703002,21.586043495747333
20170703003,20.46208261504512
20170703004,6.8475544905596495
20170703011,48.897012635717914
20170703012,18.740381244088596
20170703013,14.302100498629525
20170703014,5.71363379425808
20170703021,42.992684192228616
20170703022,16.658053038546377
20170703023,10.194504126465294
20170703024,4.666481377571625
20170703031,37.52243328169668
20170703032,15.265521636869224
20170703033,8.228665932294614
20170703034,4.418783815780188
20170703041,34.271324272281056
20170703042,13.12122944231147
20170703043,7.146608723271282
20170703044,4.004176764530756
20170703051,33.59933729320528
20170703052,12.3639723271877
20170703053,6.602403177923838
20170703054,4.173574837235701
20170703061,38.69983784623972
20170703062,13.846959244032538
20170703063,6.931277958796034
20170703064,4.161872789713309
20170703071,45.19707008845639
20170703072,15.146674428439841
20170703073,8.587483065013929
20170703074,4.903648523931056
20170703081,51.46944903620324
20170703082,15.912393600654065
20170703083,10.234274158084386
20170703084,5.437352996899032
20170703091,59.7691378769538
20170703092,18.229568564930318
20170703093,13.650857835268425
20170703094,5.999944420755154
20170703101,78.12035149630074
20170703102,20.006107367878528
20170703103,18.13065485526363
20170703104,8.314794484127177
20170703111,91.99766627276854
20170703112,22.828282887492467
20170703113,21.100502427705678
20170703114,9.456498174761995
20170703121,96.13829508824591
20170703122,23.90260680940474
20170703123,21.12334900259644
20170703124,9.545822705907549
20170703131,87.18036519710992
20170703132,24.059216762219794
20170703133,18.53597812134432
20170703134,8.594062471317692
20170703141,90.56545720674552
20170703142,26.639078192567545
20170703143,21.087918877218318
20170703144,8.942101855860722
20170703151,89.63898827179213
20170703152,27.16942602967819
20170703153,21.291151667706618
20170703154,9.989884999530375
20170703161,89.6491573816809
20170703162,26.594788231387575
20170703163,19.579848351534075
20170703164,8.980448722591262
20170703171,91.61546403444002
20170703172,27.19940398102355
20170703173,20.005469083377637
20170703174,9.72822110893968
20170703181,101.01421419504162
20170703182,30.41739696528509
20170703183,22.252102375316415
20170703184,9.901488715826765
20170703191,105.49403664444289
20170703192,32.78200206891456
20170703193,23.28976880646863
20170703194,9.283792677969137
20170703201,102.78572542714025
20170703202,34.505029483803895
20170703203,21.222061278975364
20170703204,9.122887311404195
20170703211,97.85010133245613
20170703212,33.93505078871606
20170703213,20.919300500410092
20170703214,8.868843798223898
20170703221,91.60789806683098
20170703222,33.09106009445785
20170703223,20.83572799954497
20170703224,9.104704205263026
20170703231,86.36224105007398
20170703232,32.2993233891143
20170703233,20.180594156897783
20170703234,8.883101575572468
20170704001,87.36524466812749
20170704002,30.41413845384591
20170704003,17.75776319494338
20170704004,7.186484332178197
20170704011,75.12741386916893
20170704012,26.5776608641212
20170704013,12.65632227370773
20170704014,5.578931157700941
20170704021,65.93295492444823
20170704022,24.610884444388688
20170704023,10.088121539281603
20170704024,4.781606738897062
20170704031,53.0060236187452
20170704032,20.991171679431993
20170704033,8.63899320420846
20170704034,4.365826229456386
20170704041,44.31827026062304
20170704042,17.88556845712423
20170704043,7.1508937931399865
20170704044,3.9512191782069523
20170704051,40.646055105987074
20170704052,16.663620015620648
20170704053,6.741166068028432
20170704054,4.038837747173466
20170704061,45.56406012968374
20170704062,16.82996219956743
20170704063,6.835978057264954
20170704064,4.08121464085306
20170704071,51.89017181025427
20170704072,18.370425695733527
20170704073,8.51132238746409
20170704074,4.776772530649409
20170704081,58.28108569870282
20170704082,19.136034172023475
20170704083,10.335103411525086
20170704084,5.310477003617385
20170704091,71.27467416264277
20170704092,20.59619028875825
20170704093,13.028410580240049
20170704094,5.698584547214979
20170704101,91.52938070071937
20170704102,23.426869432347953
20170704103,17.91334502865564
20170704104,8.307812793013603
20170704111,112.57174382494958
20170704112,26.992745395590198
20170704113,20.833078452764656
20170704114,9.78188501917236
20170704121,111.10600724488671
20170704122,29.637830402527847
20170704123,22.882277260556364
20170704124,10.453145129898244
20170704131,102.7521307770784
20170704132,29.130790532932064
20170704133,21.427448242748756
20170704134,9.187365259684572
20170704141,112.21842737605482
20170704142,31.948126421557898
20170704143,23.28684037936548
20170704144,9.857188319213131
20170704151,110.01140649409325
20170704152,33.8058865429792
20170704153,24.35713152780619
20170704154,10.175809078542997
20170704161,106.87739086266427
20170704162,33.04798592604841
20170704163,23.96778953473841
20170704164,9.211556811141884
20170704171,108.52376785750148
20170704172,34.186737519382035
20170704173,24.504400152412412
20170704174,9.591736721116186
20170704181,111.38257324277994
20170704182,35.91638299379225
20170704183,25.225228527034574
20170704184,10.005754548902106
20170704191,111.97093507796919
20170704192,38.13396743690722
20170704193,24.60234141964259
20170704194,9.876187596166238
20170704201,106.36694979583248
20170704202,38.24889957216611
20170704203,23.77839738894338
20170704204,9.200450083695692
20170704211,102.59964714234803
20170704212,35.31852418738142
20170704213,23.582832253204387
20170704214,8.855866545855207
20170704221,95.17553506814846
20170704222,33.1806034814668
20170704223,23.597682727486134
20170704224,9.049096801945314
20170704231,88.69018009166842
20170704232,33.11461294843967
20170704233,22.172521518334978
20170704234,8.46335326566965
20170705001,89.08564860012618
20170705002,32.08176788941054
20170705003,18.584567839334827
20170705004,6.725201069286876
20170705011,76.82849212666515
20170705012,28.41241125192023
20170705013,13.447310828945081
20170705014,6.046677368584723
20170705021,64.61767444927818
20170705022,22.9693972184249
20170705023,9.776287653535581
20170705024,4.726639067906086
20170705031,55.2446191792524
20170705032,20.642475745159217
20170705033,8.33317208824139
20170705034,4.4634057447036675
20170705041,45.54161868067466
20170705042,17.590274577285367
20170705043,7.200978968166887
20170705044,3.9377955665791577
20170705051,42.107177042011216
20170705052,16.8059917524332
20170705053,6.858514890195244
20170705054,3.986459056908931
20170705061,45.710127658193
20170705062,17.42473304196732
20170705063,7.154961568149369
20170705064,4.028835950588525
20170705071,52.517843146005404
20170705072,19.0144591792327
20170705073,8.362534091667152
20170705074,5.130167812379564
20170705081,58.49787278221569
20170705082,19.089597692510132
20170705083,9.986074715441658
20170705084,5.25766530891044
20170705091,71.00251787569105
20170705092,22.467141134722986
20170705093,12.822301601845147
20170705094,5.724234830171292
20170705101,89.12569022243493
20170705102,24.155829515724438
20170705103,17.784917820188838
20170705104,8.636027368267879
20170705111,109.45182332825351
20170705112,28.29119752871337
20170705113,20.96721223231754
20170705114,10.025420575935343
20170705121,109.59351826704626
20170705122,30.823111060478045
20170705123,23.407372796831382
20170705124,10.210907997460678
20170705131,100.43343338428694
20170705132,27.846017374173055
20170705133,22.386095509262894
20170705134,9.379705315376432
20170705141,107.00164457388317
20170705142,32.11029455143993
20170705143,24.764070404960663
20170705144,9.866939754068502
20170705151,106.04772320995313
20170705152,33.597887245211645
20170705153,25.271617116586715
20170705154,10.028535964020355
20170705161,104.18470196433842
20170705162,33.83076178232425
20170705163,25.279933133413767
20170705164,9.657016741233857
20170705171,105.97971489337114
20170705172,33.76384919688111
20170705173,24.950989224699008
20170705174,9.882414328744593
20170705181,110.38144354782817
20170705182,37.36236172013647
20170705183,25.13969459544196
20170705184,9.695856147448696
20170705191,109.23902114083299
20170705192,38.938983243037285
20170705193,24.66573510293787
20170705194,9.878027201695586
20170705201,105.69984389908284
20170705202,37.59965497168975
20170705203,24.648547633921506
20170705204,9.6243125470311
20170705211,101.55804462830233
20170705212,35.56471828978785
20170705213,23.592158414823864
20170705214,9.481179991720245
20170705221,94.85974986624994
20170705222,34.13291538284878
20170705223,22.745153417806026
20170705224,9.079196223336803
20170705231,88.76624767685544
20170705232,32.88224670420334
20170705233,21.81861558904006
20170705234,8.8648103184147
20170706001,83.51003327947261
20170706002,33.48153880539641
20170706003,18.377013024585757
20170706004,7.775741536927188
20170706011,74.27883385415707
20170706012,27.35923340111706
20170706013,12.944292090708755
20170706014,6.912444019544483
20170706021,63.34892604594143
20170706022,23.63662546107276
20170706023,10.653820361173636
20170706024,6.08919251338995
20170706031,51.44985075013821
20170706032,22.431498674232234
20170706033,8.67457733341641
20170706034,4.665721829246776
20170706041,44.73366519966556
20170706042,18.292177445595865
20170706043,7.354329765165977
20170706044,4.381354057604857
20170706051,41.596174671592316
20170706052,16.085374893763177
20170706053,7.273734025119504
20170706054,4.054559820700476
20170706061,46.55134864537795
20170706062,17.423673421419778
20170706063,7.231150105655963
20170706064,4.321262643355993
20170706071,51.710396377687765
20170706072,19.305539819164338
20170706073,8.920692570998813
20170706074,4.742126394129682
20170706081,57.68575624429314
20170706082,19.06839642754514
20170706083,10.458341923039837
20170706084,5.7169032169648055
20170706091,70.1512167494558
20170706092,21.734021704481265
20170706093,13.080011672026458
20170706094,7.0502999259762795
20170706101,91.86755245791726
20170706102,24.380913405426362
20170706103,17.90493323276285
20170706104,9.322778689617856
20170706111,112.29124324017037
20170706112,27.061686802499164
20170706113,21.71492805309174
20170706114,10.310624886028805
20170706121,109.90582528103681
20170706122,30.739392627602328
20170706123,24.089676106665
20170706124,10.933562732053616
20170706131,100.76487527134967
20170706132,27.300586378475995
20170706133,21.844832201393906
20170706134,9.73359007200763
20170706141,109.26873867978767
20170706142,32.337791759195014
20170706143,25.443670552812762
20170706144,10.610949815791635
20170706151,106.96813262140778
20170706152,33.28844008956664
20170706153,25.215329311082606
20170706154,10.81670814608849
20170706161,105.00356562491734
20170706162,31.847147292118326
20170706163,25.537326086571998
20170706164,10.676730473085467
20170706171,105.69441725090275
20170706172,33.972835177786735
20170706173,25.60490525825939
20170706174,10.788180742993724
20170706181,110.30972905338241
20170706182,36.882196335424155
20170706183,24.95329198862113
20170706184,10.81299408674734
20170706191,109.51776042464779
20170706192,39.28475418850835
20170706193,25.162690679070494
20170706194,9.956072417409011
20170706201,105.28065284854138
20170706202,37.60412179247137
20170706203,24.90564100852787
20170706204,10.38980780392546
20170706211,99.96630181074599
20170706212,35.569185110569464
20170706213,24.384707759794
20170706214,9.623095687666025
20170706221,92.04092165759485
20170706222,32.99228376146839
20170706223,23.893826737649455
20170706224,9.603775828506429
20170706231,87.83966102216623
20170706232,33.14659967891265
20170706233,22.62173275428378
20170706234,9.154714838687692
20170707001,82.259199834293
20170707002,32.71752903584175
20170707003,19.40702578689019
20170707004,7.680584221445318
20170707011,68.07841163894814
20170707012,27.94849802233921
20170707013,13.750471259662476
20170707014,6.255626480890025
20170707021,58.50195445081307
20170707022,24.528257814029494
20170707023,10.611210818933753
20170707024,5.1051134221437975
20170707031,51.13597250553734
20170707032,20.965381362078304
20170707033,8.611755843549643
20170707034,4.672384679768646
20170707041,43.773214597562244
20170707042,17.617718381281993
20170707043,6.9044226958207595
20170707044,4.269179583633252
20170707051,40.291797034638314
20170707052,16.00141858290487
20170707053,7.220575863162444
20170707054,4.038140888532877
20170707061,44.7760265308947
20170707062,17.216296516177035
20170707063,7.4243366873057255
20170707064,4.196483551780472
20170707071,51.38654573534274
20170707072,18.887323910665124
20170707073,8.853818329043445
20170707074,4.66585774472402
20170707081,56.277206058962236
20170707082,18.957724624778123
20170707083,9.555565537493736
20170707084,5.291251084249944
20170707091,66.67569435655129
20170707092,22.850232710784343
20170707093,12.927154008830762
20170707094,6.0799756193943555
20170707101,86.1019662514479
20170707102,24.894940036127966
20170707103,17.697211653561613
20170707104,8.622617062372191
20170707111,101.06056128044196
20170707112,28.86747114161377
20170707113,21.503998217510357
20170707114,9.971839292421924
20170707121,99.60495301918763
20170707122,29.161036932233905
20170707123,24.060397658908514
20170707124,10.198548018425154
20170707131,90.24487330602443
20170707132,28.84936656710497
20170707133,23.051448329106712
20170707134,9.135884986738512
20170707141,101.07598450547106
20170707142,32.42623299487253
20170707143,26.557078234352264
20170707144,9.724338169784309
20170707151,99.04303301855882
20170707152,32.765914150619636
20170707153,26.776523426989815
20170707154,10.277536952843727
20170707161,94.48874121489706
20170707162,31.170719536369578
20170707163,26.776543537146548
20170707164,9.977549003529127
20170707171,92.45864106837611
20170707172,30.97065518917229
20170707173,27.272373940797813
20170707174,9.949495949724152
20170707181,95.67382611097696
20170707182,33.665605134477595
20170707183,27.51256270408719
20170707184,10.011392260706378
20170707191,100.90607324864467
20170707192,35.37667199859529
20170707193,26.71662746208935
20170707194,9.598696381927741
20170707201,92.83628538455811
20170707202,34.45967429276346
20170707203,26.361170391044237
20170707204,9.618517165278126
20170707211,87.55047708496427
20170707212,31.8310881455521
20170707213,25.366662370928427
20170707214,9.451007586451711
20170707221,83.6260538932383
20170707222,30.72883289750914
20170707223,24.951891462723136
20170707224,9.049023818068266
20170707231,79.96728873039149
20170707232,29.384240666868813
20170707233,24.33620762160135
20170707234,8.969680521807838
20170708001,71.48736454742206
20170708002,28.540954346617674
20170708003,23.46907839940874
20170708004,7.830437727991445
20170708011,61.44217910311562
20170708012,24.203814234107
20170708013,16.365412607351814
20170708014,6.39381218806242
20170708021,51.450147302732425
20170708022,20.75956317632079
20170708023,12.088839893160893
20170708024,4.9633225175568
20170708031,44.355419960890735
20170708032,17.595909357328154
20170708033,8.971663047439309
20170708034,4.443697038639822
20170708041,37.302510917882245
20170708042,14.86852257942175
20170708043,6.937367074920955
20170708044,3.8407657399366144
20170708051,32.93616926575837
20170708052,14.0679302482841
20170708053,6.7486297120419865
20170708054,3.8919011719828958
20170708061,35.48894727280204
20170708062,14.482211418459995
20170708063,6.496768433300871
20170708064,3.9414477751401336
20170708071,39.51508405815195
20170708072,15.71809750508353
20170708073,7.944907513537098
20170708074,4.491779383396114
20170708081,43.78661326885177
20170708082,16.393942149724957
20170708083,9.09250104509031
20170708084,4.675617065188582
20170708091,48.64578229040481
20170708092,18.239955285978468
20170708093,10.816613551867537
20170708094,5.596103974752443
20170708101,54.82543675732131
20170708102,19.2344482633383
20170708103,14.258536738027505
20170708104,7.528612639099371
20170708111,60.9237400879094
20170708112,20.23541785517991
20170708113,16.00712807158967
20170708114,8.54813270768621
20170708121,60.619772549609664
20170708122,19.784797570827383
20170708123,17.021694835227073
20170708124,8.940976615823864
20170708131,53.520427873797665
20170708132,18.966010564808286
20170708133,17.070409897183122
20170708134,8.311513885914355
20170708141,54.93156502880325
20170708142,19.03152427847213
20170708143,17.914836253792853
20170708144,8.345257010832634
20170708151,54.26743222685226
20170708152,19.198354462621964
20170708153,18.430150142060796
20170708154,8.357407923682135
20170708161,52.844910354308766
20170708162,18.953706935251216
20170708163,19.567980984370394
20170708164,8.25671360178884
20170708171,52.443795564392275
20170708172,19.078062258445286
20170708173,20.868665900220684
20170708174,8.289049883770327
20170708181,57.599274735232214
20170708182,20.40019276038308
20170708183,25.924136957230004
20170708184,8.651160465856185
20170708191,61.81550875846122
20170708192,21.61612488882707
20170708193,35.406341888781064
20170708194,8.808380579949326
20170708201,62.348003705388365
20170708202,22.03972587831706
20170708203,43.08566056039139
20170708204,9.173737987448312
20170708211,59.839507141758205
20170708212,21.28200028902693
20170708213,36.874924505769506
20170708214,8.776697836741919
20170708221,59.05765537716417
20170708222,20.86492618953724
20170708223,32.79739886096866
20170708224,8.776697836741919
20170708231,57.91920396483233
20170708232,20.323747476821477
20170708233,30.20688176801881
20170708234,8.491605827545769
20170709001,53.73784881672677
20170709002,19.96191737897261
20170709003,23.690603101788664
20170709004,6.895817302767217
20170709011,45.74908911628232
20170709012,17.85970045057514
20170709013,16.852908041745962
20170709014,5.332367881035591
20170709021,40.012406039834566
20170709022,16.521627921399464
20170709023,12.151481595986409
20170709024,4.521861055672193
20170709031,34.86616260809297
20170709032,14.532997505570444
20170709033,8.86112099840976
20170709034,4.232495073880456
20170709041,29.68255023029539
20170709042,13.169809298779933
20170709043,7.009632386729362
20170709044,3.824849815641607
20170709051,27.11081386863852
20170709052,11.82336966911236
20170709053,6.776099419487368
20170709054,3.8919011719828958
20170709061,28.885621920555977
20170709062,12.548972244225437
20170709063,6.230129805443452
20170709064,3.9542413297927244
20170709071,31.474606431864512
20170709072,13.94270314365257
20170709073,7.988455826528768
20170709074,4.479088515807608
20170709081,34.61355539537872
20170709082,14.457437983994058
20170709083,8.94308971906878
20170709084,4.688410619841173
20170709091,42.0047221512655
20170709092,15.303110078969922
20170709093,10.657089902496411
20170709094,5.377981630120476
20170709101,48.691077523032845
20170709102,16.651343290656182
20170709103,13.406586669862465
20170709104,6.883353999004694
20170709111,53.63980033354
20170709112,18.28803747957482
20170709113,15.315441609972885
20170709114,7.47657400748432
20170709121,57.77903475526321
20170709122,18.19631631602444
20170709123,15.653822362389262
20170709124,7.742579953319167
20170709131,51.67236199728885
20170709132,16.913865309830985
20170709133,15.005770426634529
20170709134,6.939485081875775
20170709141,52.97613010609033
20170709142,16.78512827009823
20170709143,16.14435179698951
20170709144,7.346980139070335
20170709151,53.30588150104309
20170709152,17.095907401318446
20170709153,15.886710326271285
20170709154,7.538449765122555
20170709161,53.304437592953846
20170709162,16.9824325491053
20170709163,16.974662269772615
20170709164,7.209120539070162
20170709171,54.198605811402146
20170709172,17.209167151779187
20170709173,17.7979054327995
20170709174,7.844217372529627
20170709181,59.741580098789136
20170709182,18.658996587405433
20170709183,20.90145650133551
20170709184,7.951259959102485
20170709191,63.95643766020138
20170709192,20.174515235268057
20170709193,23.94281641667493
20170709194,8.18007069196612
20170709201,65.64531512197486
20170709202,19.954250858804862
20170709203,26.87746938277402
20170709204,8.493242281049994
20170709211,63.30338095811017
20170709212,19.465683747784688
20170709213,26.870068392658197
20170709214,8.217963794808634
20170709221,61.662824168228234
20170709222,19.659558202538545
20170709223,26.545818261742774
20170709224,8.217963794808634
20170709231,61.06220671932509
20170709232,19.17690269771917
20170709233,25.654319205151076
20170709234,7.957115362740569
20170710001,55.028203219939236
20170710002,19.91710187237136
20170710003,21.350896996125165
20170710004,6.505177833167169
20170710011,47.169411260140585
20170710012,18.119059548616935
20170710013,14.618700246941566
20170710014,5.273357658318288
20170710021,41.9184263874332
20170710022,16.204627617676856
20170710023,10.95305771869522
20170710024,4.603989789697193
20170710031,37.11183482590724
20170710032,15.501117120622787
20170710033,8.795476221834576
20170710034,4.356546584213177
20170710041,33.26012521162423
20170710042,14.38377151657523
20170710043,7.001178305470006
20170710044,3.988260840235747
20170710051,33.23531753403226
20170710052,12.917366065802888
20170710053,7.094899405896989
20170710054,4.126072880136444
20170710061,38.02530180162167
20170710062,15.033739031809775
20170710063,6.569697818536722
20170710064,4.204551710984877
20170710071,44.46290765103758
20170710072,16.396067836161883
20170710073,8.64240098569092
20170710074,4.82417466841481
20170710081,50.125725947790286
20170710082,17.855876068291703
20170710083,9.996868142576584
20170710084,5.4800319181706
20170710091,61.34487718054624
20170710092,20.02663879108281
20170710093,13.240151000992897
20170710094,5.9862328533412335
20170710101,80.50709825468056
20170710102,22.785591218147683
20170710103,16.966043051176968
20170710104,7.907592519249727
20170710111,100.93056762240172
20170710112,26.279477642726825
20170710113,20.498677609670224
20170710114,9.174570167937587
20170710121,101.42515399955394
20170710122,27.17965909922012
20170710123,20.328441218214483
20170710124,10.194028904015466
20170710131,90.4240560874412
20170710132,25.02931684223341
20170710133,17.885735141452127
20170710134,8.46634186837341
20170710141,98.18257649709014
20170710142,28.014973205004054
20170710143,19.770728636443778
20170710144,8.914618656858963
20170710151,98.0988098489977
20170710152,27.87275202802619
20170710153,19.549784652568206
20170710154,9.28176634843471
20170710161,96.11940953223996
20170710162,27.42306422190909
20170710163,18.789306624971115
20170710164,8.396307393246879
20170710171,95.49007896550947
20170710172,27.84525678306911
20170710173,18.72907123065291
20170710174,8.987199329893915
20170710181,101.43381329958909
20170710182,28.59504715590765
20170710183,21.189927614480634
20170710184,9.129332500223276
20170710191,106.52332714496706
20170710192,31.53846763316378
20170710193,21.851518575201446
20170710194,8.976534831674067
20170710201,103.35056395283208
20170710202,32.76989318503867
20170710203,21.671487176903835
20170710204,9.024796179586728
20170710211,95.48793393447282
20170710212,32.37295642170718
20170710213,21.248680879932063
20170710214,8.812295759504117
20170710221,89.61142166372476
20170710222,32.35975869819126
20170710223,20.953026030716998
20170710224,8.812295759504117
20170710231,85.38719387371262
20170710232,31.0193220647954
20170710233,19.86222811664437
20170710234,8.591908694333624
20170711001,82.17302668692666
20170711002,28.29426438764437
20170711003,18.234694748543568
20170711004,6.853377018929459
20170711011,71.89705569778718
20170711012,24.91451626372449
20170711013,12.904415915793294
20170711014,5.59418428162911
20170711021,62.287788744283304
20170711022,21.98604576935863
20170711023,9.910960324534573
20170711024,4.781606738897062
20170711031,52.926476498089144
20170711032,18.99623112679327
20170711033,8.347197196926322
20170711034,4.365826229456386
20170711041,44.528038209849726
20170711042,16.539135308051783
20170711043,6.747931924195608
20170711044,3.9512191782069523
20170711051,41.12234773266847
20170711052,16.186982997464405
20170711053,6.600581407249354
20170711054,4.066978375403426
20170711061,45.209768467817156
20170711062,16.835264795215217
20170711063,6.578106036164545
20170711064,4.10935526908302
20170711071,50.87595081929781
20170711072,18.179397299165043
20170711073,8.453553282447944
20170711074,4.733269546265712
20170711081,57.12513818700016
20170711082,19.484690785872065
20170711083,9.665531761800883
20170711084,5.338617631847345
20170711091,68.3431730168483
20170711092,21.617981557751857
20170711093,12.70479726085736
20170711094,5.798368788058597
20170711101,86.8461079495847
20170711102,23.834004456065312
20170711103,16.97911725402166
20170711104,8.212831155753516
20170711111,102.05755434436155
20170711112,27.597414246904865
20170711113,21.021557293978088
20170711114,9.139405964424345
20170711121,107.85254328264159
20170711122,29.055279493618805
20170711123,21.640601589532064
20170711124,9.790884976983294
20170711131,99.37344167771461
20170711132,26.609533757048673
20170711133,18.966176937892097
20170711134,8.734651608936632
20170711141,106.80020756635977
20170711142,30.676688875719375
20170711143,21.449849408803622
20170711144,9.312493116541763
20170711151,106.65239059563031
20170711152,31.753348547748715
20170711153,21.976265549414062
20170711154,9.19212407061019
20170711161,105.96638383716505
20170711162,32.02233142503811
20170711163,21.099088717176176
20170711164,8.83339056293256
20170711171,106.88167657749827
20170711172,32.203275705778665
20170711173,20.923268265567195
20170711174,8.910133362367322
20170711181,110.82799104695292
20170711182,34.97498100237687
20170711183,22.213947694551464
20170711184,9.017631677177388
20170711191,112.41575070140769
20170711192,36.72219275869103
20170711193,22.15561968698029
20170711194,9.017631677177388
20170711201,106.46556866236675
20170711202,36.56824628231339
20170711203,21.800118614351646
20170711204,8.82196432994198
20170711211,102.7739707811582
20170711212,34.27353051477051
20170711213,21.478029748108256
20170711214,8.619115293403913
20170711221,94.67315513973443
20170711222,33.301116630430094
20170711223,21.097161212378147
20170711224,8.619115293403913
20170711231,90.29480313265604
20170711232,32.259442030412316
20170711233,19.55853361551585
20170711234,8.49149389389961
20170712001,90.13689945906683
20170712002,30.580688707834188
20170712003,17.622398269526105
20170712004,6.803663046950132
20170712011,79.91453839549592
20170712012,26.412202037632778
20170712013,12.647099661323864
20170712014,5.474654305395052
20170712021,66.86208073062933
20170712022,21.89912193121431
20170712023,9.903204960093476
20170712024,4.664147480031654
20170712031,56.26839704230137
20170712032,18.85540503348057
20170712033,8.26574384319183
20170712034,4.329524900522999
20170712041,46.934909841337
20170712042,16.681507044864336
20170712043,6.779142614374024
20170712044,3.92187964228415
20170712051,44.31204819823819
20170712052,16.389000431655745
20170712053,6.5868446757412045
20170712054,4.029197430979228
20170712061,45.99781230452429
20170712062,16.776338372983243
20170712063,6.795285203940953
20170712064,4.071574324658822
20170712071,52.58818394061021
20170712072,18.774039162995138
20170712073,8.370316128603134
20170712074,4.695488601841514
20170712081,58.507496460009754
20170712082,19.81869962628892
20170712083,9.631887373868524
20170712084,5.228760070367079
20170712091,70.90142058579151
20170712092,21.90916744274245
20170712093,12.717532162424426
20170712094,5.68851122657833
20170712101,94.42795842871242
20170712102,24.458451451222764
20170712103,16.9952622525814
20170712104,8.071450099933706
20170712111,114.32223573912268
20170712112,28.655011880170015
20170712113,21.264492573056064
20170712114,9.106273407855085
20170712121,112.09809266377727
20170712122,30.19841486547689
20170712123,21.782300934475593
20170712124,9.737855206700749
20170712131,102.0984920344017
20170712132,27.769363080080986
20170712133,19.10361201967445
20170712134,8.635098110900145
20170712141,110.54570227738945
20170712142,31.253607761356264
20170712143,22.100189014096397
20170712144,9.409354046111565
20170712151,109.55865782750011
20170712152,32.674124142642135
20170712153,22.63838004428234
20170712154,9.216918825834846
20170712161,105.41068454938154
20170712162,33.00965680685591
20170712163,22.165388733991787
20170712164,8.877071438150844
20170712171,106.25207346866777
20170712172,33.10894282848576
20170712173,22.2907124220777
20170712174,8.934928117591978
20170712181,110.43812108272196
20170712182,35.61983205078324
20170712183,22.71287042922299
20170712184,9.070418623168985
20170712191,109.36025652038921
20170712192,37.733249230420604
20170712193,22.960209004313825
20170712194,9.070418623168985
20170712201,105.5839764516066
20170712202,37.4696776960366
20170712203,22.566262057018527
20170712204,8.975395712581072
20170712211,101.58618525653229
20170712212,34.33066936266886
20170712213,21.981523658807752
20170712214,8.629312302788234
20170712221,95.46534377247083
20170712222,33.2170446719129
20170712223,21.347035504931526
20170712224,8.629312302788234
20170712231,90.6346205340624
20170712232,32.542214539772246
20170712233,19.633997877849986
20170712234,8.459878633729538
20170713001,84.57631644380625
20170713002,32.127318866716195
20170713003,17.187048806663938
20170713004,7.1205669667964075
20170713011,73.31903642466625
20170713012,27.67389707041692
20170713013,12.32289499944876
20170713014,5.486317719887667
20170713021,62.579274464127906
20170713022,22.884490582257087
20170713023,9.666494279013122
20170713024,4.725383018160159
20170713031,53.535889394975236
20170713032,20.170474019672003
20170713033,8.116168615822183
20170713034,4.319116826037846
20170713041,45.36681676468539
20170713042,17.116148280422102
20170713043,6.759304421403646
20170713044,3.911471567798997
20170713051,42.96762173417023
20170713052,16.423841787274498
20170713053,6.576436601256051
20170713054,4.018789356494075
20170713061,45.82899372024491
20170713062,16.874640237809274
20170713063,6.7848771294558
20170713064,4.0611662501736685
20170713071,52.51950366209294
20170713072,19.036979174696818
20170713073,8.394452139320324
20170713074,4.6850805273563605
20170713081,59.0981146024754
20170713082,20.514766039973146
20170713083,9.657210681698242
20170713084,5.325726990810453
20170713091,71.49993433859251
20170713092,22.526650850638127
20170713093,12.742855470254144
20170713094,5.792296512071305
20170713101,94.82037373866292
20170713102,25.168430860916345
20170713103,17.020585560411117
20170713104,8.096773407763425
20170713111,113.77158589580846
20170713112,29.920446398481914
20170713113,21.258826482825558
20170713114,9.100607317624577
20170713121,112.01150266877434
20170713122,30.899942572413355
20170713123,22.143442672599168
20170713124,9.961167146740728
20170713131,101.74957469137773
20170713132,27.940777060495545
20170713133,19.13326766233437
20170713134,8.858576127170517
20170713141,110.25705810051011
20170713142,31.229933953907917
20170713143,22.1466324418852
20170713144,9.63266598615154
20170713151,108.43723013531815
20170713152,32.78096351870777
20170713153,22.68482347207114
20170713154,9.778060189239143
20170713161,105.24401630446982
20170713162,32.199524528186735
20170713163,24.12517822287609
20170713164,9.559870308981626
20170713171,105.98418171415275
20170713172,32.81914839300749
20170713173,24.85731113827014
20170713174,9.531817255176652
20170713181,109.88607118205934
20170713182,35.59615824333489
20170713183,25.118048608786342
20170713184,9.667307760753658
20170713191,109.09410255332472
20170713192,37.710478568699436
20170713193,25.100622393017108
20170713194,9.438329730483172
20170713201,105.56030264415826
20170713202,37.44600388858825
20170713203,24.800982785867205
20170713204,9.00547739653094
20170713211,101.56251144908394
20170713212,34.30699555522051
20170713213,24.24132680471266
20170713214,8.766880585812498
20170713221,95.24109350768029
20170713222,33.193370864464555
20170713223,23.893826737649455
20170713224,8.766880585812498
20170713231,90.2393213499886
20170713232,32.65092912203507
20170713233,22.64703344617902
20170713234,8.37396890048343
20170714001,83.67137277871687
20170714002,32.60881445357893
20170714003,19.197662141705248
20170714004,7.155159933743633
20170714011,73.39368057867091
20170714012,27.7648448891302
20170714013,13.750471259662476
20170714014,5.433021420865268
20170714021,62.00366293862645
20170714022,22.658087755497817
20170714023,10.524915669351415
20170714024,4.67890508418736
20170714031,53.31967497465124
20170714032,19.961782507765893
20170714033,8.65450721319392
20170714034,4.344282504678705
20170714041,44.78564908822254
20170714042,16.9564393389027
20170714043,6.976066308434416
20170714044,3.936637246439855
20170714051,40.358388836202835
20170714052,16.264132845755096
20170714053,6.920765020478443
20170714054,4.018286348621484
20170714061,44.9443881092243
20170714062,16.71525047286103
20170714063,6.819463589168136
20170714064,4.0565412133816645
20170714071,50.59250060938453
20170714072,18.90192165650546
20170714073,8.348135025408057
20170714074,4.6804554905643565
20170714081,55.41863284267996
20170714082,20.603017080511865
20170714083,9.610893567785975
20170714084,5.249458341404791
20170714091,65.80835249090426
20170714092,23.16970259138635
20170714093,12.589997807058447
20170714094,5.709209497616043
20170714101,86.58262928057167
20170714102,24.90614210507113
20170714103,16.86772789721542
20170714104,8.050456293851163
20170714111,100.9323153258676
20170714112,29.802546479473857
20170714113,21.116639358333344
20170714114,9.027896000657258
20170714121,103.00766768349014
20170714122,29.904536692887046
20170714123,21.995214944632327
20170714124,9.637011712770349
20170714131,92.43216330885654
20170714132,27.34296119001516
20170714133,19.653265132327068
20170714134,8.63773998543742
20170714141,100.80436072286653
20170714142,30.426208149954714
20170714143,23.374256411677592
20170714144,9.427246569299852
20170714151,96.0425414352733
20170714152,31.912221320645518
20170714153,24.269557168604823
20170714154,9.234811349023131
20170714161,93.62806064557628
20170714162,31.002254242871263
20170714163,24.803814998776915
20170714164,8.92390344929831
20170714171,92.14875201271586
20170714172,30.514523162379813
20170714173,25.57494284218642
20170714174,8.895850395493335
20170714181,94.01694038159077
20170714182,33.582547652350705
20170714183,26.095947962256922
20170714184,9.101792076492604
20170714191,98.51019662983344
20170714192,35.213688044349226
20170714193,25.977370229169306
20170714194,9.000631694595484
20170714201,95.2115248713542
20170714202,34.55872290285748
20170714203,25.606331379935707
20170714204,8.944453384574377
20170714211,88.73163351577696
20170714212,32.41858057521922
20170714213,24.400974010069696
20170714214,8.58168905059292
20170714221,83.9347673379484
20170714222,31.036958779485214
20170714223,23.93852412691607
20170714224,8.58168905059292
20170714231,80.83408195969174
20170714232,29.53630991624448
20170714233,22.5777575168305
20170714234,8.371134304902979
20170715001,72.12834027697596
20170715002,29.622807824298675
20170715003,20.02335718143864
20170715004,7.109524319494089
20170715011,62.429684529071466
20170715012,25.011294129848412
20170715013,14.07237623426888
20170715014,5.299176345031988
20170715021,53.5965179654259
20170715022,20.551532802960235
20170715023,10.519923046820756
20170715024,4.5450600083540795
20170715031,45.70962934045615
20170715032,17.594978458651017
20170715033,8.670676609357447
20170715034,4.255694026562342
20170715041,38.31622674051001
20170715042,14.759035961118267
20170715043,6.857172985305751
20170715044,3.848048768323494
20170715051,35.174529490174976
20170715052,14.253899730563287
20170715053,6.689131877173943
20170715054,3.9296978705051195
20170715061,37.6964720411635
20170715062,14.668180900739182
20170715063,6.494790465795473
20170715064,3.979244473662356
20170715071,41.826297020265294
20170715072,16.75736165966724
20170715073,7.813172418841168
20170715074,4.529576081918337
20170715081,45.83422135937852
20170715082,18.361697776768438
20170715083,8.791872449784915
20170715084,5.030040176609193
20170715091,50.505681088578534
20170715092,19.517969513631073
20170715093,10.74411858216286
20170715094,5.437437059741836
20170715101,57.757670801240096
20170715102,21.23067749215968
20170715103,14.040407988120885
20170715104,7.221364137188078
20170715111,64.78402809484007
20170715112,22.786657127052138
20170715113,15.878002701789308
20170715114,7.566871804328595
20170715121,66.26994919087436
20170715122,22.994968089129223
20170715123,16.38714237803688
20170715124,8.338002274670922
20170715131,59.52099251560252
20170715132,21.355707222409073
20170715133,16.249264986620382
20170715134,7.728519626784001
20170715141,60.36330589966453
20170715142,20.885199811322785
20170715143,17.061966488524714
20170715144,7.914780484041867
20170715151,58.837226867815104
20170715152,21.297809297209337
20170715153,17.804434445957487
20170715154,8.104893138357276
20170715161,57.02316662330726
20170715162,20.842131848904735
20170715163,18.655239253968293
20170715164,8.104893138357276
20170715171,55.44245864121904
20170715172,20.973794793252125
20170715173,20.558004616978234
20170715174,8.11299581514357
20170715181,59.501567308942924
20170715182,22.42993413251314
20170715183,25.74015672720463
20170715184,8.46617369081576
20170715191,63.92801174197467
20170715192,23.835844019616555
20170715193,32.62892911172963
20170715194,8.4140047301839
20170715201,65.28144815643842
20170715202,25.113559278387715
20170715203,41.77365498271638
20170715204,8.399403499384544
20170715211,62.20510707310011
20170715212,24.599546636478525
20170715213,36.58406967979352
20170715214,8.176293973775046
20170715221,60.91723338475019
20170715222,24.409971016264862
20170715223,33.68089026275496
20170715224,8.176293973775046
20170715231,59.27899112434818
20170715232,23.40761754727443
20170715233,30.87472384010016
20170715234,7.85942975201094
20170716001,54.734263492309225
20170716002,21.61210522093028
20170716003,25.371586258928605
20170716004,6.379961634045803
20170716011,46.831820231093
20170716012,18.65408146973736
20170716013,16.998195056666447
20170716014,4.812490039230016
20170716021,41.271756573949055
20170716022,17.09402401389152
20170716023,11.758227484852524
20170716024,4.466895991321708
20170716031,35.757113353987386
20170716032,14.904321628886647
20170716033,8.935297331374274
20170716034,3.8639646926185014
20170716041,29.86804407572747
20170716042,13.385870107273714
20170716043,7.41204974859651
20170716044,3.813596482571765
20170716051,28.193417923540643
20170716052,11.919412962715533
20170716053,6.852583429645228
20170716054,3.8580931372766916
20170716061,29.535094492145138
20170716062,13.714832928387898
20170716063,6.228151837938053
20170716064,3.9920380283149473
20170716071,32.688892623801195
20170716072,14.769014964747251
20170716073,7.85343568093914
20170716074,4.542369636570927
20170716081,36.57294520899968
20170716082,15.980368350700912
20170716083,8.642461123763384
20170716084,5.0428337312617835
20170716091,42.93531538913424
20170716092,17.565100003187123
20170716093,10.584594932791735
20170716094,5.322196513095281
20170716101,49.53542074338486
20170716102,19.550741519110257
20170716103,13.335541309401655
20170716104,6.319306838753339
20170716111,54.175611114630875
20170716112,20.911713925344795
20170716113,15.186316240172543
20170716114,6.977814538727182
20170716121,57.95949289991603
20170716122,20.196947225048216
20170716123,15.52469699258892
20170716124,7.609776535898138
20170716131,53.04392774063942
20170716132,18.726655374386215
20170716133,14.780866364794969
20170716134,6.9007356571600935
20170716141,54.29865350793159
20170716142,18.847862449679706
20170716143,15.948641797887428
20170716144,7.35046057297819
20170716151,54.51506068877276
20170716152,19.194356370987638
20170716153,15.981078363257852
20170716154,7.54193019903041
20170716161,54.78484836101639
20170716162,18.870155995466632
20170716163,16.601229516038785
20170716164,7.2126009729780165
20170716171,55.242469034165765
20170716172,19.160963499997827
20170716173,18.799524831541422
20170716174,7.823464201242288
20170716181,60.716045528098135
20170716182,20.443391268135237
20170716183,21.61257840743181
20170716184,7.923542641447776
20170716191,65.11104097712825
20170716192,21.374672909638374
20170716193,27.55854100525294
20170716194,8.152353374311414
20170716201,66.80994538761998
20170716202,21.305463053343406
20170716203,33.0301099671611
20170716204,8.318031904244366
20170716211,64.0189007160632
20170716212,20.876633591031723
20170716213,32.8332960149071
20170716214,8.094922378634863
20170716221,62.64099574310955
20170716222,20.859470100649514
20170716223,31.689649240249206
20170716224,8.094922378634863
20170716231,61.58742368155265
20170716232,19.954559609436725
20170716233,29.93271340477218
20170716234,7.9020812778665555
20170717001,56.4957515728771
20170717002,20.386784293793806
20170717003,25.586872318753684
20170717004,6.414843244666579
20170717011,47.32981498796284
20170717012,18.22275270497257
20170717013,18.28387898496445
20170717014,4.890773878822802
20170717021,42.25682479075067
20170717022,16.38271939940946
20170717023,12.777929119580186
20170717024,4.498515561172551
20170717031,36.79682790438043
20170717032,15.909550116255232
20170717033,9.770450488146546
20170717034,4.027375717212642
20170717041,33.30229131873577
20170717042,14.52713215634914
20170717043,7.633327054061328
20170717044,3.9770075071659026
20170717051,33.29208138698414
20170717052,13.938105047075402
20170717053,7.290391232125043
20170717054,4.085095135952594
20170717061,37.976161720342354
20170717062,15.764812651832912
20170717063,7.104545003966615
20170717064,4.242348409507099
20170717071,44.548313936541184
20170717072,17.529331642969154
20170717073,8.938688239853427
20170717074,4.912480531111189
20170717081,50.237598014943465
20170717082,19.524686793743836
20170717083,10.058036851389076
20170717084,5.517828616692823
20170717091,61.581381640514984
20170717092,22.59615111050168
20170717093,13.301319709805389
20170717094,6.196691149654925
20170717101,82.09163121783611
20170717102,26.095778333684088
20170717103,16.845300140704794
20170717104,8.212393412684333
20170717111,99.61963878044882
20170717112,30.35097659654174
20170717113,20.443496894879573
20170717114,9.289138885199392
20170717121,105.32601509923379
20170717122,30.899788632345963
20170717123,20.23183745427947
20170717124,10.163768565309073
20170717131,95.1266416161072
20170717132,28.27530246101627
20170717133,17.806124695467204
20170717134,8.494428023087307
20170717141,98.99889661541053
20170717142,29.986714614803265
20170717143,19.54451394964297
20170717144,8.970268051398678
20170717151,95.21593900566828
20170717152,29.66169586280231
20170717153,19.511182017501586
20170717154,9.107350654852608
20170717161,92.20283550396954
20170717162,29.100431709341805
20170717163,18.77052783728217
20170717164,8.424393547960776
20170717171,93.05505584237457
20170717172,28.53518572471015
20170717173,18.96256024755337
20170717174,8.788550031116621
20170717181,100.67044248061323
20170717182,29.474115175012496
20170717183,20.735783435091363
20170717184,8.872765658966815
20170717191,106.32807531805132
20170717192,30.53567867275472
20170717193,22.116666014769635
20170717194,8.950033078539423
20170717201,103.5814517354532
20170717202,32.10635871240251
20170717203,21.955511689251946
20170717204,8.960348750853461
20170717211,97.1929272779025
20170717212,31.380323828167302
20170717213,21.341475689710233
20170717214,8.74784833077085
20170717221,91.93065102555572
20170717222,30.43349347571665
20170717223,21.045820840495168
20170717224,8.74784833077085
20170717231,86.10773095772068
20170717232,29.338040205801825
20170717233,20.293054142540687
20170717234,8.613370998846465
20170718001,80.88994987634146
20170718002,27.205752939251518
20170718003,18.919485874556496
20170718004,6.898170688262464
20170718011,70.6535467189384
20170718012,22.960837571095897
20170718013,13.66608135884214
20170718014,5.6483630591555825
20170718021,61.73875119524858
20170718022,20.09346200985354
20170718023,10.830663634295675
20170718024,4.785276352249378
20170718031,52.919699925302
20170718032,17.799110510513298
20170718033,8.866662582451271
20170718034,4.4200050069828585
20170718041,44.93640429214645
20170718042,15.968489405082297
20170718043,7.453054496447068
20170718044,4.005397955733427
20170718051,41.15947345334752
20170718052,15.849198640315988
20170718053,7.090216522085882
20170718054,4.1357548987702355
20170718061,45.46100534879733
20170718062,16.944500691035092
20170718063,6.803813297530691
20170718064,4.178131792449829
20170718071,50.34179756833046
20170718072,18.51916590273205
20170718073,8.425247997656571
20170718074,4.802046069632521
20170718081,57.061678804557786
20170718082,20.767348917767023
20170718083,9.757680295457961
20170718084,5.463784643899643
20170718091,67.56314394291707
20170718092,22.75930509687751
20170718093,12.796945794514437
20170718094,5.867145311425406
20170718101,86.54729282383956
20170718102,25.033884164749082
20170718103,16.889354168394075
20170718104,8.050691779835768
20170718111,101.46160523893147
20170718112,30.075511508983723
20170718113,21.155831387529137
20170718114,9.099856246373562
20170718121,106.65540049336019
20170718122,30.353832536876233
20170718123,21.00634024759573
20170718124,9.892816445798514
20170718131,98.39211725865896
20170718132,27.9573436634971
20170718133,18.380834047421093
20170718134,8.836583077751852
20170718141,106.20802325644672
20170718142,30.982869566740824
20170718143,20.664892897980078
20170718144,9.416651243596704
20170718151,107.29867392962137
20170718152,31.230867420104556
20170718153,20.787999141900432
20170718154,9.150821166170639
20170718161,106.10031924641504
20170718162,30.809217548778786
20170718163,19.669267435697193
20170718164,8.93532203174778
20170718171,107.67480540004622
20170718172,30.91403761669485
20170718173,19.37741371622187
20170718174,8.844596852732579
20170718181,111.36672988788546
20170718182,33.306246082991294
20170718183,21.745739258723138
20170718184,8.980087358309586
20170718191,112.98001002416436
20170718192,34.77354612509583
20170718193,22.052660946851873
20170718194,8.980087358309586
20170718201,107.49731464681625
20170718202,35.05946648740701
20170718203,21.339165242678856
20170718204,8.889708708730327
20170718211,102.3395342411144
20170718212,33.87365160607369
20170718213,20.488646913251124
20170718214,8.68685967219226
20170718221,95.6841482135135
20170718222,32.821475766759576
20170718223,19.859016731694197
20170718224,8.68685967219226
20170718231,91.40411650573826
20170718232,31.284082382594168
20170718233,18.66775124764352
20170718234,8.588276092063452
20170719001,91.04409580522767
20170719002,30.012646323431763
20170719003,17.071903476494512
20170719004,6.924106590896092
20170719011,80.86796269785711
20170719012,24.66805552251899
20170719013,12.54847184145233
20170719014,5.659045837861038
20170719021,67.34645069018539
20170719022,21.568874944518758
20170719023,10.19639728196361
20170719024,4.861721419057159
20170719031,56.28109677552823
20170719032,18.598800701132646
20170719033,8.4580252987671
20170719034,4.445940909616483
20170719041,46.56828800698256
20170719042,16.480942083364514
20170719043,6.944074877881279
20170719044,3.9919743441056315
20170719051,44.68032469963398
20170719052,16.542715494306893
20170719053,6.679710764903314
20170719054,4.083376208505701
20170719061,46.56125288055432
20170719062,17.082275706444847
20170719063,6.888151293103062
20170719064,4.1257531021852945
20170719071,52.72227623466117
20170719072,19.21172200541643
20170719073,8.463182217765247
20170719074,4.749667379367986
20170719081,59.09679514467035
20170719082,21.007183399427923
20170719083,9.724753463030638
20170719084,5.2829388478935515
20170719091,71.68840910313047
20170719092,22.6732152496214
20170719093,12.81039825158654
20170719094,5.742690004104803
20170719101,94.86020497831737
20170719102,25.20871343396807
20170719103,16.90621672245885
20170719104,8.002506611970128
20170719111,114.35963855987886
20170719112,30.528442693969843
20170719113,21.333660901544633
20170719114,8.906664912469475
20170719121,113.17658112284863
20170719122,31.19731632981229
20170719123,21.08293382747678
20170719124,9.825188929675633
20170719131,102.35402152658101
20170719132,28.358320945088952
20170719133,18.40394535156464
20170719134,8.72243183387503
20170719141,111.11871905040081
20170719142,31.482622296077977
20170719143,21.084690277147736
20170719144,9.353453395831679
20170719151,109.9125525875401
20170719152,32.66278689894242
20170719153,21.84632962247035
20170719154,9.16101817555496
20170719161,105.51840648498668
20170719162,32.97652096190503
20170719163,20.6314458431456
20170719164,8.821170787870958
20170719171,107.84846603161226
20170719172,33.551026348231034
20170719173,20.111438377784324
20170719174,8.8547938621169
20170719181,111.60271441138049
20170719182,36.25339024310582
20170719183,22.02890459605401
20170719184,8.990284367693906
20170719191,113.61650486955804
20170719192,37.504042620608004
20170719193,22.448027200002496
20170719194,8.990284367693906
20170719201,110.01765694530516
20170719202,36.88727102654694
20170719203,21.91824124782804
20170719204,8.899905718114647
20170719211,102.61464879662215
20170719212,34.3635776260804
20170719213,20.656098232913852
20170719214,8.69705668157658
20170719221,96.66930951117921
20170719222,33.49987832400281
20170719223,20.11655096280722
20170719224,8.69705668157658
20170719231,91.91245378725698
20170719232,32.46644502185791
20170719233,18.65189857708514
20170719234,8.598473101447773
20170720001,85.07062283490924
20170720002,31.660369515505668
20170720003,16.307255511646893
20170720004,7.011293086188141
20170720011,73.22461194748223
20170720012,27.616077511903462
20170720013,12.343439726889777
20170720014,5.648637763375885
20170720021,62.979939845364136
20170720022,22.93530989059715
20170720023,9.558795285877888
20170720024,4.851313344572006
20170720031,54.43582871794515
20170720032,19.582163454179113
20170720033,8.512972224638412
20170720034,4.43553283513133
20170720041,45.38941628011393
20170720042,16.879379774367724
20170720043,6.927820385178709
20170720044,3.981566269620478
20170720051,43.174449993850715
20170720052,16.54224375833443
20170720053,6.87115905797133
20170720054,4.072968134020548
20170720061,45.7477591353692
20170720062,17.14437402671632
20170720063,7.011301946326979
20170720064,4.115345027700141
20170720071,53.954929713166656
20170720072,19.21712709060942
20170720073,8.366864410033987
20170720074,4.739259304882833
20170720081,60.22378304960083
20170720082,21.150636789220993
20170720083,9.750076770860355
20170720084,5.308262155723268
20170720091,72.39691618147381
20170720092,23.43619006330908
20170720093,12.835721559416257
20170720094,5.76801331193452
20170720101,95.32719130577955
20170720102,25.181761159585957
20170720103,16.944353528561916
20170720104,8.027829919799846
20170720111,114.19265513300833
20170720112,30.583881983622543
20170720113,21.185657673280826
20170720114,8.900998822238968
20170720121,113.20056733412292
20170720122,31.723351966713686
20170720123,21.16350068351286
20170720124,9.819522839445126
20170720131,101.97150553724208
20170720132,29.228807541889967
20170720133,18.450388779353442
20170720134,8.80267547689063
20170720141,110.75749974243575
20170720142,31.808926442995954
20170720143,21.126363212719063
20170720144,9.491021678855942
20170720151,109.81681361461558
20170720152,33.5233096364357
20170720153,21.888002558041677
20170720154,9.298586458579223
20170720161,105.3728437627551
20170720162,32.77728433845928
20170720163,22.808297144736635
20170720164,9.04464880414133
20170720171,107.08155023069223
20170720172,33.71964773500992
20170720173,23.08604879271423
20170720174,8.992362145141163
20170720181,111.76676786590652
20170720182,36.623028595248115
20170720183,24.494921499535714
20170720184,9.12785265071817
20170720191,112.32801185398812
20170720192,38.41950023019392
20170720193,25.49545291154501
20170720194,8.9846182774634
20170720201,107.02152312917846
20170720202,37.052992849099404
20170720203,24.87113624848635
20170720204,8.89423962788414
20170720211,102.62509549888598
20170720212,34.56636439919035
20170720213,24.37279330890978
20170720214,8.691390591346073
20170720221,96.22299168960994
20170720222,34.13408692248739
20170720223,24.025293241846576
20170720224,8.691390591346073
20170720231,91.86505748661727
20170720232,33.077340677081324
20170720233,23.420488399811656
20170720234,8.598473101447773
20170721001,84.09123986813127
20170721002,33.145494449861
20170721003,20.086737000712347
20170721004,7.045886053135367
20170721011,72.25206766185106
20170721012,27.750480702384305
20170721013,14.145128778151774
20170721014,5.673803442016744
20170721021,62.264249436361546
20170721022,23.18934113038416
20170721023,10.648007077308884
20170721024,4.876479023212864
20170721031,53.965756493281845
20170721032,19.727367284169844
20170721033,8.835472822542922
20170721034,4.460698513772188
20170721041,45.18004708361207
20170721042,16.715511041579237
20170721043,7.068932397596526
20170721044,4.006731948261338
20170721051,40.67631599956185
20170721052,16.378375025545942
20170721053,7.013631109640553
20170721054,4.072465126147957
20170721061,45.57035463214258
20170721062,16.80817816466213
20170721063,6.912329678330246
20170721064,4.110719990908137
20170721071,51.802771035627956
20170721072,19.057737325661176
20170721073,8.320547296121722
20170721074,4.734634268090829
20170721081,58.14364835530545
20170721082,21.041991139975437
20170721083,9.70375965694809
20170721084,5.303637118931264
20170721091,69.6717580172727
20170721092,23.325518260542065
20170721093,12.682863896220558
20170721094,5.763388275142516
20170721101,87.90860828375082
20170721102,24.99505965076642
20170721103,16.79149586536622
20170721104,7.981512805887581
20170721111,104.12645966593448
20170721112,30.18190655363388
20170721113,21.043470548788612
20170721114,8.828287505271648
20170721121,104.59183223359216
20170721122,30.7138657709663
20170721123,21.01527295554602
20170721124,9.724345435745233
20170721131,93.57468203489142
20170721132,28.06051644601095
20170721133,18.46509484934248
20170721134,8.725073708412305
20170721141,100.98566378827715
20170721142,30.554969700566794
20170721143,21.292110066038514
20170721144,9.270185537122845
20170721151,94.55502126097056
20170721152,31.37162532132135
20170721153,22.192688515741274
20170721154,9.077750316846124
20170721161,93.6649639327354
20170721162,30.71360901450103
20170721163,22.715359549787454
20170721164,8.766842417121303
20170721171,92.33896652539491
20170721172,30.839673677497895
20170721173,24.467023129107645
20170721174,8.714555758121136
20170721181,97.41953360035926
20170721182,33.80887905317483
20170721183,26.350839367968632
20170721184,8.920497439120405
20170721191,98.06119580610041
20170721192,35.56004586407979
20170721193,26.273033372857295
20170721194,8.920497439120405
20170721201,94.65704287013173
20170721202,34.71155301006949
20170721203,26.159948383001936
20170721204,8.868963390107952
20170721211,89.37715586982199
20170721212,32.639426145188025
20170721213,24.709024829653057
20170721214,8.649433429381267
20170721221,83.52250819118767
20170721222,31.351779534023546
20170721223,25.16221383622395
20170721224,8.649433429381267
20170721231,81.1842738987249
20170721232,30.140416890637905
20170721233,23.94789300550204
20170721234,8.595638505867322
20170722001,73.30935593519786
20170722002,29.962664229584338
20170722003,20.977077892626422
20170722004,6.8888420246202005
20170722011,62.11873331958675
20170722012,24.987776443142913
20170722013,14.003206634940877
20170722014,5.516759413501577
20170722021,53.93583343421506
20170722022,20.528015116254736
20170722023,10.177404080721056
20170722024,4.719434994697698
20170722031,46.28799306522419
20170722032,17.571460771945517
20170722033,8.218641424837612
20170722034,4.348911082973939
20170722041,38.738733277692425
20170722042,14.735518274412762
20170722043,6.724393938666096
20170722044,3.8949445174630877
20170722051,35.25536208577146
20170722052,14.286229322687895
20170722053,6.366014383183166
20170722054,3.9606776953497063
20170722061,39.04024839757165
20170722062,14.917141479442746
20170722063,6.078373392789244
20170722064,4.010224298506945
20170722071,43.39216746772505
20170722072,16.772845825272697
20170722073,7.690655768859325
20170722074,4.560555906762923
20170722081,47.11538104396171
20170722082,18.69523000329543
20170722083,8.465585680860718
20170722084,5.061020001453779
20170722091,51.56190062063835
20170722092,20.74650170394713
20170722093,10.526480805328573
20170722094,5.396773271972766
20170722101,62.822458502445244
20170722102,22.402326127182263
20170722103,13.807740838642738
20170722104,6.925031967701232
20170722111,70.1574147068035
20170722112,24.290064259533448
20170722113,15.921796024907248
20170722114,7.474729363683129
20170722121,70.98180134767334
20170722122,24.88673137870281
20170722123,16.43093570115482
20170722124,8.016822388161254
20170722131,66.16426751987703
20170722132,23.343291101124997
20170722133,15.571620965581054
20170722134,7.365711207463573
20170722141,67.5201805563093
20170722142,22.72819223053171
20170722143,16.92940118998382
20170722144,7.605641857165542
20170722151,65.6460152168348
20170722152,22.841453286860823
20170722153,17.71313876888145
20170722154,7.689915758404983
20170722161,64.96983269766592
20170722162,22.85023793485508
20170722163,18.311721440041328
20170722164,7.954022890595913
20170722171,63.70455316910011
20170722172,22.98190087920247
20170722173,19.653138649040248
20170722174,8.107108928787214
20170722181,68.4964222940621
20170722182,24.535597083695485
20170722183,24.21660286352007
20170722184,8.353977328385247
20170722191,70.64337390205237
20170722192,27.016546812017793
20170722193,31.926005910805863
20170722194,8.353977328385247
20170722201,72.99069210419549
20170722202,27.838199117146306
20170722203,41.41835273747415
20170722204,8.339376097585891
20170722211,70.17089289931418
20170722212,27.15925210806077
20170722213,36.52923970897422
20170722214,8.116266571976393
20170722221,67.46120321760988
20170722222,25.938028802799046
20170722223,34.599751735396445
20170722224,8.116266571976393
20170722231,64.97217746625849
20170722232,25.075470006296516
20170722233,32.473228864723346
20170722234,8.055615716042368
20170723001,59.596657948655164
20170723002,23.65775579431616
20170723003,27.375214994714323
20170723004,6.332479481227134
20170723011,50.54108776757174
20170723012,19.955037372596372
20170723013,18.24828155521992
20170723014,4.899860352760092
20170723021,44.58345541105436
20170723022,17.38959788677358
20170723023,12.197993882557281
20170723024,4.497875816166295
20170723031,38.02071974709243
20170723032,14.979843402661873
20170723033,8.835729469294073
20170723034,3.8949445174630877
20170723041,33.11177072753986
20170723042,13.291406106242238
20170723043,7.443029573441097
20170723044,3.844576307416352
20170723051,29.852365448484946
20170723052,11.95039278756012
20170723053,6.576661364534425
20170723054,3.8890729621212774
20170723061,32.23124786178869
20170723062,13.856586389994844
20170723063,6.259131662782639
20170723064,4.023017853159536
20170723071,35.84514578350699
20170723072,15.017975543450808
20170723073,7.884415505783727
20170723074,4.573349461415514
20170723081,38.73365119734599
20170723082,16.845777947646184
20170723083,8.63848461147366
20170723084,5.07381355610637
20170723091,44.78836400836595
20170723092,18.899693677674946
20170723093,10.61557475763632
20170723094,5.353176337939868
20170723101,50.61047864829769
20170723102,20.956679772528037
20170723103,13.379334632519587
20170723104,6.271824685934668
20170723111,55.30261636057254
20170723112,22.86901158786355
20170723113,15.230109563290474
20170723114,6.421255504815872
20170723121,59.53282349954913
20170723122,22.412893488869045
20170723123,15.568490315706851
20170723124,7.50078478954348
20170723131,54.85848644070066
20170723132,19.918189494756888
20170723133,14.776620111127377
20170723134,6.521083289145052
20170723141,56.181319174548435
20170723142,19.983398803400338
20170723143,15.979621622732022
20170723144,7.245349181399393
20170723151,56.768665501493835
20170723152,20.275979555626552
20170723153,16.012058188102444
20170723154,7.5729100238749965
20170723161,56.97557551235638
20170723162,19.84373434757713
20170723163,16.391606315262564
20170723164,7.258883047253521
20170723171,57.6380093259237
20170723172,20.134541852108324
20170723173,18.425996630053568
20170723174,7.854444026086875
20170723181,63.69140995334669
20170723182,21.760254849773162
20170723183,20.710858612310506
20170723184,7.969824715723281
20170723191,69.53364711897365
20170723192,23.28796851941523
20170723193,25.890422680191843
20170723194,8.198635448586918
20170723201,70.9676251774763
20170723202,24.10574596749815
20170723203,32.25787982361587
20170723204,8.36431397851987
20170723211,69.21671073093503
20170723212,24.153406007939623
20170723213,35.06064223229445
20170723214,8.14120445291037
20170723221,65.84737224106028
20170723222,23.731933110890786
20170723223,34.59221894298443
20170723224,8.14120445291037
20170723231,64.36923734495713
20170723232,23.256935368310526
20170723233,34.03263138192705
20170723234,8.063310904763666
20170724001,58.66425309729011
20170724002,21.869470999165383
20170724003,29.863647633700847
20170724004,6.3499990722185515
20170724011,50.62193928725011
20170724012,19.382855994779202
20170724013,18.478032155684435
20170724014,4.904391684038033
20170724021,44.85511203418542
20170724022,17.075534525102658
20170724023,12.514442401722025
20170724024,4.512133366387782
20170724031,38.872762260557266
20170724032,16.137415319241278
20170724033,9.84406778717525
20170724034,4.35761993532626
20170724041,34.444393299385375
20170724042,14.891985588880749
20170724043,7.807225943859172
20170724044,4.025077598132865
20170724051,33.92839473806283
20170724052,14.23088971759114
20170724053,7.190380246064282
20170724054,4.177487383873897
20170724061,38.509721346678994
20170724062,15.897922086815212
20170724063,7.102128587683057
20170724064,4.25596621472233
20170724071,44.39404235827778
20170724072,17.78187028609878
20170724073,8.93627182356987
20170724074,4.92609833632642
20170724081,49.38289072353966
20170724082,20.51417019225453
20170724083,9.96971070185941
20170724084,5.603090034521711
20170724091,61.223796386185725
20170724092,24.460132994891087
20170724093,13.289415705557843
20170724094,6.210308954870156
20170724101,80.24907336102223
20170724102,27.96980878428168
20170724103,16.79399821751099
20170724104,8.226011217899565
20170724111,95.2438532704426
20170724112,32.781478936712546
20170724113,20.203001981066237
20170724114,9.227734614260948
20170724121,104.70659123179713
20170724122,33.754676489160616
20170724123,20.19893746521911
20170724124,10.158646265642352
20170724131,93.73393178495057
20170724132,31.253567437671062
20170724133,17.70420233823649
20170724134,8.562700580569931
20170724141,96.50462261308517
20170724142,32.703965717138
20170724143,19.423077642299894
20170724144,8.949398138759177
20170724151,96.29249533065546
20170724152,32.370938614618986
20170724153,19.064069636968405
20170724154,9.280190096651792
20170724161,95.08049695235559
20170724162,31.528131862637622
20170724163,18.258163709963092
20170724164,8.541733491095858
20170724171,95.596738609602
20170724172,31.267334843102738
20170724173,18.31864924271255
20170724174,8.94064784554304
20170724181,102.57130943849468
20170724182,31.199719780975204
20170724183,20.869132937036156
20170724184,9.045605100765998
20170724191,107.91808520699044
20170724192,32.02825617378432
20170724193,21.33512241217985
20170724194,9.045605100765998
20170724201,105.38637357103728
20170724202,31.869737400680787
20170724203,21.445632003884484
20170724204,8.95522645118674
20170724211,96.84460310972203
20170724212,30.991306223536636
20170724213,21.24191879154542
20170724214,8.742726031104128
20170724221,91.22849701809874
20170724222,29.815617747935107
20170724223,21.24191879154542
20170724224,8.742726031104128
20170724231,86.48506087682976
20170724232,28.625225342391325
20170724233,20.47001599318745
20170724234,8.63728651855524
20170725001,79.18659202542129
20170725002,26.651203216783138
20170725003,19.832550775818547
20170725004,6.753170684054132
20170725011,67.8620140512995
20170725012,22.811920762368402
20170725013,13.977752219304472
20170725014,5.591572516530987
20170725021,57.824573542077125
20170725022,19.363111385301092
20170725023,10.86358518247697
20170725024,4.778994973798939
20170725031,51.58468073671176
20170725032,16.80623239934439
20170725033,8.841356595761535
20170725034,4.363214464358263
20170725041,44.69056410749814
20170725042,15.565002543484209
20170725043,7.36463538826023
20170725044,3.9486074131088293
20170725051,40.81000779701342
20170725052,15.315061665713541
20170725053,7.001797413899044
20170725054,4.07896435614564
20170725061,45.47840428327452
20170725062,16.854908991440592
20170725063,6.7153941893438525
20170725064,4.1213412498252335
20170725071,49.14418023946254
20170725072,18.573394235862082
20170725073,8.336828889469732
20170725074,4.7452555270079255
20170725081,56.61214422528469
20170725082,21.13642722395117
20170725083,9.669261187271122
20170725084,5.406994101275048
20170725091,67.16902693415611
20170725092,23.773341056640483
20170725093,12.68265470244396
20170725094,5.810354768800811
20170725101,83.7530673544564
20170725102,26.206329268012205
20170725103,16.787876574596947
20170725104,7.993901237211172
20170725111,101.18968515403951
20170725112,30.844686898733205
20170725113,20.917605091558805
20170725114,9.009023349436095
20170725121,107.23971716075934
20170725122,31.33025448665249
20170725123,21.132727738813976
20170725124,9.801983548861047
20170725131,95.66059621603753
20170725132,28.33681655331102
20170725133,17.99836884364474
20170725134,8.780706517948696
20170725141,105.03652649527983
20170725142,31.537197341459365
20170725143,19.84804544398997
20170725144,9.325818346659236
20170725151,105.9349973089958
20170725152,31.83969851211796
20170725153,19.416365113179786
20170725154,9.059988269233171
20170725161,105.44459921036112
20170725162,31.454144387913935
20170725163,18.22024285014781
20170725164,8.879445471944624
20170725171,104.91803519075809
20170725172,30.633804114543214
20170725173,18.03047961050908
20170725174,8.777997560990304
20170725181,109.60034547806018
20170725182,33.08987832702352
20170725183,20.554473284620933
20170725184,8.91348806656731
20170725191,109.84425271982074
20170725192,34.6015339885865
20170725193,20.295672959705442
20170725194,8.91348806656731
20170725201,104.97214205450454
20170725202,34.488120928797535
20170725203,19.412770379261318
20170725204,8.818465155979398
20170725211,99.87642232364975
20170725212,32.54471680514432
20170725213,18.88240610387767
20170725214,8.61561611944133
20170725221,90.93111113609933
20170725222,32.19734053398588
20170725223,18.78012607801328
20170725224,8.61561611944133
20170725231,87.20052509546466
20170725232,30.596470325549838
20170725233,18.19529983022497
20170725234,8.510176606892442
20170726001,87.88624198407058
20170726002,28.77581602376426
20170726003,16.492609413234025
20170726004,6.77910658668776
20170726011,78.93568294523446
20170726012,23.733137007982425
20170726013,12.339891024158405
20170726014,5.6738989078501
20170726021,65.90468213328818
20170726022,20.91223558721337
20170726023,9.57857981355182
20170726024,4.804930876432564
20170726031,56.2746279063748
20170726032,17.89964208415539
20170726033,8.181555391153275
20170726034,4.389150366991887
20170726041,46.726841425457565
20170726042,15.810153638500172
20170726043,6.846225651209217
20170726044,3.935183801481035
20170726051,44.592441747514506
20170726052,15.752797996859309
20170726053,6.591291656716476
20170726054,4.026585665881106
20170726061,46.29271130151983
20170726062,16.57121179476391
20170726063,6.799732184916224
20170726064,4.068962559560699
20170726071,51.75862590047133
20170726072,19.098719077986985
20170726073,8.374763109578408
20170726074,4.692876836743391
20170726081,58.281906920926254
20170726082,21.020829641040578
20170726083,9.636334354843799
20170726084,5.226148305268956
20170726091,70.83703279612392
20170726092,23.884406775610405
20170726093,12.696107159516062
20170726094,5.685899461480208
20170726101,94.52154748483986
20170726102,26.359783338312027
20170726103,16.804739128661723
20170726104,7.945716069345533
20170726111,114.54583365535161
20170726112,30.373808532348768
20170726113,21.08454077381901
20170726114,8.815832015532008
20170726121,112.9353053336101
20170726122,30.77472098322999
20170726123,21.198427486939735
20170726124,9.734356032738166
20170726131,101.4277575812204
20170726132,27.85492040402839
20170726133,18.02148014778829
20170726134,8.71750867018367
20170726141,109.47471457052335
20170726142,31.457543808510493
20170726143,20.462826879146217
20170726144,9.262620498894211
20170726151,108.81397359312044
20170726152,32.5470273472616
20170726153,19.622487398456748
20170726154,9.070185278617492
20170726161,105.18710889657439
20170726162,32.473120420844474
20170726163,18.671322555143515
20170726164,8.8162476241796
20170726171,105.56258190102366
20170726172,32.197571232181566
20170726173,18.49170635395711
20170726174,8.788194570374625
20170726181,110.84150725630748
20170726182,34.61926961204565
20170726183,20.872366933932295
20170726184,8.923685075951632
20170726191,110.94753035724597
20170726192,36.85670217043215
20170726193,20.71300320704254
20170726194,8.923685075951632
20170726201,106.34265479000256
20170726202,35.294254879917226
20170726203,19.589766935706376
20170726204,8.828662165363719
20170726211,102.16106254460048
20170726212,33.57032644910936
20170726213,18.578084774508902
20170726214,8.625813128825651
20170726221,94.4692745976491
20170726222,33.0301900414719
20170726223,18.096179228023544
20170726224,8.625813128825651
20170726231,87.04842102724275
20170726232,30.94763414299338
20170726233,17.149897421953458
20170726234,8.520373616276762
20170727001,81.51968301202658
20170727002,30.348327854106113
20170727003,15.128308522825344
20170727004,6.866293081979809
20170727011,70.58232134387148
20170727012,25.516064208471434
20170727013,10.954437747012287
20170727014,5.663490833364947
20170727021,61.94820185804495
20170727022,21.891798587311026
20170727023,9.128209313951997
20170727024,4.79452280194741
20170727031,53.79025598914383
20170727032,18.448238232118687
20170727033,7.991792186119392
20170727034,4.378742292506734
20170727041,45.2188562449006
20170727042,15.812890181819494
20170727043,6.630921218807854
20170727044,3.924775726995883
20170727051,42.59376982637191
20170727052,16.079045429975682
20170727053,6.496424838464287
20170727054,4.0161775913959525
20170727061,45.357940417092514
20170727062,16.50701368990193
20170727063,6.422830786204855
20170727064,4.058554485075546
20170727071,51.49065079590553
20170727072,19.096571212601447
20170727073,7.984977255821475
20170727074,4.682468762258238
20170727081,56.86125849196159
20170727082,21.03008091121302
20170727083,9.220264844377303
20170727084,5.251471613098673
20170727091,68.67310351599461
20170727092,23.893658045782846
20170727093,11.802908864874324
20170727094,5.7112227693099245
20170727101,90.42822225878278
20170727102,26.048216969909685
20170727103,16.15370766029366
20170727104,7.9710393771752495
20170727111,112.21230393097352
20170727112,30.35013472490042
20170727113,20.3965901493915
20170727114,8.8101659253015
20170727121,112.02334383447148
20170727122,30.98833771436217
20170727123,20.49630742389938
20170727124,9.728689942507659
20170727131,100.5743901395472
20170727132,27.993585307551548
20170727133,17.40556568317813
20170727134,8.711842579953164
20170727141,109.5847865991318
20170727142,31.081038557276205
20170727143,20.302544389048464
20170727144,9.256954408663704
20170727151,108.55331453335751
20170727152,32.63206812207608
20170727153,19.84921273939374
20170727154,9.064519188386985
20170727161,104.58628610249053
20170727162,32.83708760277587
20170727163,20.364218416632333
20170727164,8.810581533949092
20170727171,105.9096391819467
20170727172,32.93637362440572
20170727173,20.536806705358913
20170727174,8.782528480144117
20170727181,110.81783344885913
20170727182,35.39994671903525
20170727183,22.78290195036754
20170727184,8.918018985721124
20170727191,111.27745141264144
20170727192,37.05772439181199
20170727193,23.411109061188483
20170727194,8.918018985721124
20170727201,106.36880473186127
20170727202,35.3848280096738
20170727203,22.83232781917535
20170727204,8.822996075133211
20170727211,102.13738873715214
20170727212,33.54665264166101
20170727213,22.377896869830135
20170727214,8.620147038595144
20170727221,94.85492441822828
20170727222,33.11523081628638
20170727223,21.889720861538162
20170727224,8.620147038595144
20170727231,89.33501528987463
20170727232,31.842807196477033
20170727233,20.276361844008953
20170727234,8.520373616276762
20170728001,82.13126037529473
20170728002,31.897579342759236
20170728003,17.993793528143872
20170728004,6.900886048927035
20170728011,70.22130514612716
20170728012,27.436627371930797
20170728013,12.55746582733216
20170728014,5.688656512005806
20170728021,59.38239396449125
20170728022,22.415135559530324
20170728023,10.031789946982347
20170728024,4.819688480588269
20170728031,52.37972008877463
20170728032,18.398054679949613
20170728033,8.276746401855288
20170728034,4.403907971147593
20170728041,44.93565688099298
20170728042,15.653181240300087
20170728043,6.798347199505001
20170728044,3.949941405636741
20170728051,40.92821493283674
20170728052,15.919336488456274
20170728053,6.22082353031887
20170728054,4.015674583523362
20170728061,45.180724839238685
20170728062,16.347623924953687
20170728063,6.0696117823372004
20170728064,4.053929448283542
20170728071,51.26589184920569
20170728072,18.68013651857
20170728073,7.938660141909211
20170728074,4.677843725466234
20170728081,56.79105376756483
20170728082,20.919409108446004
20170728083,8.946031754317527
20170728084,5.246846576306669
20170728091,68.1316673334385
20170728092,23.742585175794595
20170728093,11.650051201678624
20170728094,5.7065977325179205
20170728101,86.61020067199318
20170728102,25.86151546109015
20170728103,16.00084999709795
20170728104,7.924722263262986
20170728111,102.07284943684493
20170728112,29.99205959035833
20170728113,20.254403024899286
20170728114,8.737454608334183
20170728121,104.58271045119892
20170728122,30.492636538313096
20170728123,20.18824483454627
20170728124,9.633512538807768
20170728131,93.48303934561922
20170728132,27.067492693909802
20170728133,17.234236242036065
20170728134,8.634240811474836
20170728141,100.43949597819613
20170728142,30.091652585614685
20170728143,20.198109087721644
20170728144,9.17935264018538
20170728151,95.88541097169269
20170728152,30.343715675699354
20170728153,19.74477743806692
20170728154,8.986917419908659
20170728161,93.21300635764412
20170728162,29.97584380307634
20170728163,20.624388292660615
20170728164,8.676009520183838
20170728171,91.7336977247837
20170728172,30.169684934476997
20170728173,22.237925514566264
20170728174,8.647956466378863
20170728181,93.79671970829982
20170728182,32.72573452054534
20170728183,23.9000186777933
20170728184,8.853898147378132
20170728191,93.91831570982393
20170728192,34.92467612705476
20170728193,24.524918789447558
20170728194,8.853898147378132
20170728201,91.45198342516026
20170728202,33.987114409665004
20170728203,24.91368287900338
20170728204,8.797719837357025
20170728211,86.27289446348122
20170728212,32.54158406408713
20170728213,24.169303623960328
20170728214,8.578189876630336
20170728221,82.30679216923545
20170728222,31.165527020999125
20170728223,23.838591342026007
20170728224,8.578189876630336
20170728231,79.33550971488998
20170728232,29.493866180884492
20170728233,22.593032066148865
20170728234,8.517539020696313
20170729001,72.13504545464575
20170729002,28.600103914038332
20170729003,19.447713427556273
20170729004,6.7438420204118685
20170729011,61.24047172898879
20170729012,24.131599386866064
20170729013,13.166000133740162
20170729014,5.5316124834906395
20170729021,52.365319064673066
20170729022,20.060561801833074
20170729023,9.532458276360343
20170729024,4.662644452073103
20170729031,45.88694403876031
20170729032,16.484174705308384
20170729033,8.070224780410326
20170729034,4.292120540349344
20170729041,39.06894573567327
20170729042,14.384004103019748
20170729043,6.617567612058813
20170729044,3.8381539748384927
20170729051,35.20783231668449
20170729052,13.527746158698847
20170729053,5.7066464072122445
20170729054,3.9038871527251113
20170729061,39.09595733703168
20170729062,14.49630168761528
20170729063,5.452136495362457
20170729064,3.953433755882348
20170729071,43.05132717313422
20170729072,15.854252176673182
20170729073,7.429575062881019
20170729074,4.503765364138328
20170729081,46.978330915970396
20170729082,18.394153857162916
20170729083,7.411800547183267
20170729084,5.004229458829184
20170729091,51.32576478695958
20170729092,20.590742702398238
20170729093,9.394832458179767
20170729094,5.33998272934817
20170729101,58.24716913441869
20170729102,22.396061353937153
20170729103,11.80477130864022
20170729104,6.868241425076636
20170729111,68.22660948998302
20170729112,24.52739241751345
20170729113,14.395770541782872
20170729114,7.05658447241423
20170729121,69.64760247961773
20170729122,25.192073705311905
20170729123,14.719813281561123
20170729124,7.925989491223787
20170729131,62.30901401699578
20170729132,23.5777277354735
20170729133,14.128485947601204
20170729134,6.9475663161946795
20170729141,65.45414628959246
20170729142,23.983290154237867
20170729143,14.81345634339493
20170729144,7.514808960228075
20170729151,64.89315216399184
20170729152,24.227068378956325
20170729153,15.767605002688157
20170729154,7.599082861467516
20170729161,62.98750960207546
20170729162,24.227068378956325
20170729163,16.41265918245198
20170729164,7.8631899936584455
20170729171,62.14170898475962
20170729172,24.31015408068554
20170729173,17.357163190206254
20170729174,8.040509637044938
20170729181,66.88193463278607
20170729182,25.85223339448583
20170729183,20.000621066690414
20170729184,8.28737803664297
20170729191,71.62494198051017
20170729192,28.229251127313375
20170729193,26.12590016408387
20170729194,8.28737803664297
20170729201,73.29518819810306
20170729202,28.815875753319894
20170729203,32.89638404926837
20170729204,8.258719200975708
20170729211,71.08305662165147
20170729212,28.190304668814417
20170729213,31.335718585458064
20170729214,8.035609675366205
20170729221,69.96758323075537
20170729222,26.97739200248554
20170729223,30.215669146882302
20170729224,8.035609675366205
20170729231,66.5756669045285
20170729232,25.904149918442616
20170729233,28.495539882882476
20170729234,7.97495881943218
20170730001,60.9302655421789
20170730002,24.10683644281535
20170730003,23.588369680059465
20170730004,6.187479477018802
20170730011,52.126905976949764
20170730012,19.759979992070644
20170730013,16.21208555713037
20170730014,4.843069810135496
20170730021,45.85684872435197
20170730022,17.08212157056399
20170730023,11.073249989497443
20170730024,4.4410852735417
20170730031,38.766689757132724
20170730032,14.600210950111167
20170730033,8.357457105342087
20170730034,3.8381539748384927
20170730041,33.40555878752086
20170730042,12.525498895977634
20170730043,6.762780154232335
20170730044,3.7877857647917565
20170730051,30.229826925342582
20170730052,11.863261844014314
20170730053,5.919488144483953
20170730054,3.832282419496683
20170730061,31.760394754759176
20170730062,13.115662800918464
20170730063,5.43600926877494
20170730064,3.9662273105349386
20170730071,36.106881155992134
20170730072,14.845830082530586
20170730073,6.8822994662230945
20170730074,4.516558918790919
20170730081,39.89744194522547
20170730082,16.48130472585491
20170730083,7.2702639271841845
20170730084,5.017023013481775
20170730091,45.945241520502094
20170730092,18.856408112040214
20170730093,8.802553111711502
20170730094,5.296385795315272
20170730101,51.539506733040646
20170730102,20.968299860619233
20170730103,11.329133895009369
20170730104,6.215034143310072
20170730111,56.601874195831186
20170730112,23.585504236332614
20170730113,12.774918076311465
20170730114,6.251960630215146
20170730121,59.347465432194674
20170730122,23.430222296637535
20170730123,14.037708054705268
20170730124,7.409951892606013
20170730131,53.4333754812896
20170730132,21.17455223550975
20170730133,12.770562562743319
20170730134,6.27198201309262
20170730141,54.558031502009264
20170730142,20.837760866581245
20170730143,14.020006784586986
20170730144,6.605454219666746
20170730151,56.7807385676715
20170730152,21.31882472996209
20170730153,14.67572727665184
20170730154,7.183597290706094
20170730161,57.813433650779984
20170730162,20.786744366356345
20170730163,15.10805117839916
20170730164,6.873690554777706
20170730171,58.93752961438755
20170730172,21.028974628269363
20170730173,15.646700476592509
20170730174,7.378754240748665
20170730181,63.08155200808123
20170730182,22.634841362987093
20170730183,18.102340154849973
20170730184,7.564677284133733
20170730191,68.10229425448166
20170730192,24.553008720008815
20170730193,20.15465169160854
20170730194,7.722945663248692
20170730201,69.67538194886126
20170730202,25.982927908652123
20170730203,23.278258755614385
20170730204,8.10337732117738
20170730211,68.14101239136411
20170730212,25.321517439743367
20170730213,24.036469711520045
20170730214,8.060547556300179
20170730221,65.8508550189222
20170730222,25.206567623652948
20170730223,25.50121628054038
20170730224,8.060547556300179
20170730231,63.9876897366135
20170730232,24.458642554415935
20170730233,26.196494531313718
20170730234,7.982654008153479
20170731001,59.7542191177037
20170731002,22.794268766049704
20170731003,24.122462085550765
20170731004,6.222361087639576
20170731011,52.60865756558799
20170731012,20.128682574006145
20170731013,16.81355772805709
20170731014,4.864963161042794
20170731021,45.68261534250492
20170731022,17.4333689661673
20170731023,12.104913269744344
20170731024,4.472704843392543
20170731031,40.04984702688365
20170731032,15.917234330433125
20170731033,9.371207742412226
20170731034,4.001564999432634
20170731041,35.39268717661965
20170731042,14.936990050411115
20170731043,7.493271318290682
20170731044,3.951196789385895
20170731051,34.66979498498335
20170731052,14.159482454612794
20170731053,6.6717681452201205
20170731054,4.059284418172585
20170731061,39.63321877083675
20170731062,15.826514823836867
20170731063,6.51703675532147
20170731064,4.2165376917270905
20170731071,45.674641542208256
20170731072,17.669405605586558
20170731073,8.260491486459319
20170731074,4.845535030438605
20170731081,50.53915230072755
20170731082,20.235961487076715
20170731083,9.099899674133617
20170731084,5.522526728633896
20170731091,60.11043929266778
20170731092,24.189421631715803
20170731093,11.876591351044363
20170731094,6.129745648982341
20170731101,80.25467775181802
20170731102,28.393278775545742
20170731103,15.110884429766646
20170731104,8.14544791201175
20170731111,99.37000833009327
20170731112,33.994233284776634
20170731113,18.056232697273227
20170731114,9.147171308373132
20170731121,105.21421467442043
20170731122,35.14167606187362
20170731123,19.137327431218402
20170731124,9.487101968072423
20170731131,92.89614015604084
20170731132,32.703913272906306
20170731133,16.83024740656659
20170731134,8.171871091143617
20170731141,95.38262280742205
20170731142,35.28884154630838
20170731143,18.172515690136937
20170731144,8.848834671663765
20170731151,93.06896800416345
20170731152,34.43152399324587
20170731153,17.91085153404335
20170731154,8.576259354768032
20170731161,91.22331089962563
20170731162,32.54906883019095
20170731163,16.84695120706533
20170731164,8.366271182232056
20170731171,90.71167015425813
20170731172,31.92989743247996
20170731173,16.89919279539991
20170731174,8.454660063293158
20170731181,99.37562007580155
20170731182,32.745631600380385
20170731183,19.195117061086133
20170731184,8.654093544514328
20170731191,104.53317691339225
20170731192,33.66780842742438
20170731193,19.58491345883131
20170731194,8.710619336714172
20170731201,102.61748304611754
20170731202,32.684801149466416
20170731203,19.244122137033262
20170731204,8.793558167592165
20170731211,93.8967961438627
20170731212,31.180514760996775
20170731213,19.32620792530711
20170731214,8.681752069402851
20170731221,87.46385571216638
20170731222,29.677108474365404
20170731223,19.434118175529846
20170731224,8.681752069402851
20170731231,83.05474126714877
20170731232,28.470633871955958
20170731233,18.95449538912698
20170731234,8.576312556853962
20170801001,77.0512711987668
20170801002,26.28554520712551
20170801003,18.10480586716295
20170801004,6.755782449152255
20170801011,66.61187056889686
20170801012,22.15678001397799
20170801013,12.96645981218924
20170801014,5.59418428162911
20170801021,57.2476962795591
20170801022,18.662183045650714
20170801023,10.04580429250403
20170801024,4.731097574722905
20170801031,50.93358177841993
20170801032,16.59520306048954
20170801033,8.261287463680214
20170801034,4.365826229456386
20170801041,44.299685308844154
20170801042,15.615126050040992
20170801043,6.747931924195608
20170801044,3.9512191782069523
20170801051,40.45693370495674
20170801052,15.011754513631605
20170801053,6.341524879734837
20170801054,4.038837747173466
20170801061,45.44937319844581
20170801062,16.836721473431997
20170801063,6.183472083708369
20170801064,4.08121464085306
20170801071,48.94632787384324
20170801072,18.603338556279706
20170801073,7.9044682782644
20170801074,4.705128918035752
20170801081,55.80706016419006
20170801082,20.923811299830373
20170801083,8.84946594579736
20170801084,5.366867492302874
20170801091,65.47327302436337
20170801092,24.232807241380275
20170801093,11.7453255837855
20170801094,5.770228159828637
20170801101,79.69634025370272
20170801102,26.83414794711649
20170801103,15.68041526624496
20170801104,7.953774628238998
20170801111,94.54796190492904
20170801112,32.15568533497395
20170801113,19.587776537806622
20170801114,8.969784149328381
20170801121,103.04067484529526
20170801122,33.127334165341956
20170801123,19.986864143455023
20170801124,9.589517792511067
20170801131,92.48674501260976
20170801132,30.359415585936404
20170801133,17.35466451284328
20170801134,8.706510980706671
20170801141,101.71667625025208
20170801142,33.36296169061232
20170801143,19.296219919453165
20170801144,9.286579146551523
20170801151,102.98290768894887
20170801152,32.7067188158551
20170801153,18.4103963563994
20170801154,9.094143926274803
20170801161,102.19840861232503
20170801162,32.00105051719237
20170801163,17.00587498594659
20170801164,8.8052499347026
20170801171,102.67590526092428
20170801172,31.6996103821449
20170801173,16.95189951918886
20170801174,8.777196880897625
20170801181,106.56189506768999
20170801182,34.10994084155112
20170801183,18.91569021351573
20170801184,8.786540194465443
20170801191,108.83026236866122
20170801192,35.24198406538214
20170801193,19.38529433763692
20170801194,8.786540194465443
20170801201,104.22988453870943
20170801202,34.90152428836995
20170801203,17.991028587137336
20170801204,8.734107220484807
20170801211,99.71385877931039
20170801212,33.82058165022149
20170801213,17.628338293984616
20170801214,8.590974665173952
20170801221,90.78944778581395
20170801222,31.873232757423793
20170801223,17.626396610867314
20170801224,8.590974665173952
20170801231,85.06983513774586
20170801232,30.447103098444902
20170801233,16.728082283738313
20170801234,8.456497333249567
20170802001,83.68838133482052
20170802002,27.51452472129862
20170802003,15.168298219442356
20170802004,6.70606847717293
20170802011,76.90977101914198
20170802012,22.997063590038973
20170802013,11.37733946995059
20170802014,5.474654305395052
20170802021,64.93849025150546
20170802022,19.8059652284845
20170802023,9.134170407461875
20170802024,4.664147480031654
20170802031,55.90658778475757
20170802032,17.180346385284082
20170802033,7.903228920167832
20170802034,4.329524900522999
20170802041,47.0435023376574
20170802042,15.67965615924693
20170802043,6.636882312317736
20170802044,3.92187964228415
20170802051,44.78395761927454
20170802052,15.517618554062553
20170802053,6.152745667948479
20170802054,3.986459056908931
20170802061,46.265085236887
20170802062,16.61573953863793
20170802063,6.0791516156890495
20170802064,4.028835950588525
20170802071,51.82814483957209
20170802072,19.057014900506978
20170802073,7.94819997526106
20170802074,4.652750227771217
20170802081,57.92268766432092
20170802082,20.97912546356057
20170802083,8.867671244722644
20170802084,5.186021696296782
20170802091,70.07893607603232
20170802092,24.315861863685253
20170802093,11.569961538226279
20170802094,5.645772852508034
20170802101,91.0683657162026
20170802102,27.4461882365967
20170802103,15.983262571698894
20170802104,7.905589460373359
20170802111,111.83750966874163
20170802112,31.295416488375697
20170802113,20.36974575892054
20170802114,8.776592815424294
20170802121,110.31085984372902
20170802122,31.8945702504155
20170802123,20.21169401169102
20170802124,9.642947871998592
20170802131,100.27556967605699
20170802132,29.037803856145544
20170802133,17.310965582598957
20170802134,8.592359736829849
20170802141,106.92885381968213
20170802142,32.41914678541744
20170802143,19.544618947872152
20170802144,9.223381298786498
20170802151,105.96122110812489
20170802152,33.185943469939446
20170802153,18.86300980370354
20170802154,9.030946078509778
20170802161,105.04578925168184
20170802162,32.071745379301966
20170802163,17.885339617267984
20170802164,8.691098690825777
20170802171,105.41522357299338
20170802172,31.879922972244515
20170802173,17.35293538716077
20170802174,8.663045637020803
20170802181,109.35832895154375
20170802182,34.39577657273567
20170802183,19.375376555094636
20170802184,8.796737203849764
20170802191,109.09550633054702
20170802192,35.88666850018504
20170802193,18.92795502312232
20170802194,8.796737203849764
20170802201,104.47553591595143
20170802202,34.67815290732219
20170802203,17.828845124611483
20170802204,8.744304229869128
20170802211,100.00502802506534
20170802212,33.620325869057574
20170802213,17.30337605891022
20170802214,8.601171674558273
20170802221,91.83092394834856
20170802222,32.81752533630726
20170802223,16.702851704633037
20170802224,8.601171674558273
20170802231,85.97108426355044
20170802232,30.74716996435994
20170802233,16.111761128474562
20170802234,8.431738005499577
20170803001,80.52320244101486
20170803002,28.798988966959435
20170803003,14.10525966112784
20170803004,6.793254972464979
20170803011,69.32331297969239
20170803012,24.176210396995646
20170803013,10.219534980718441
20170803014,5.40785574222441
20170803021,58.95897003098135
20170803022,21.18710196613591
20170803023,8.375373168888414
20170803024,4.653739405546501
20170803031,52.88362996453312
20170803032,17.519711187946413
20170803033,7.458957894450004
20170803034,4.319116826037846
20170803041,45.298963673665725
20170803042,15.807849489471065
20170803043,6.332827114853635
20170803044,3.911471567798997
20170803051,42.40349684133546
20170803052,16.050213871443763
20170803053,5.106484976808308
20170803054,3.976050982423777
20170803061,45.52867879610424
20170803062,16.55154143377595
20170803063,5.215821231039605
20170803064,4.018427876103372
20170803071,51.702354010202995
20170803072,19.05486703512144
20170803073,7.080433131370874
20170803074,4.642342153286064
20170803081,58.84316556121097
20170803082,20.988376733733013
20170803083,7.840095404876286
20170803084,5.211345004126499
20170803091,71.36920615778921
20170803092,24.325113133857695
20170803093,10.940013774038064
20170803094,5.6710961603377505
20170803101,93.81857099113968
20170803102,27.455439506769142
20170803103,14.70172346206347
20170803104,7.930912768203076
20170803111,114.82141244923233
20170803112,31.09697060572694
20170803113,18.829286220802288
20170803114,8.770926725193787
20170803121,112.51842749161703
20170803122,31.762181860704327
20170803123,19.391458449066903
20170803124,9.689450742399945
20170803131,102.2595452461854
20170803132,29.014130048697197
20170803133,17.1051529756812
20170803134,8.67260337984545
20170803141,110.22891747228014
20170803142,32.02214369204347
20170803143,19.340556063833215
20170803144,9.21771520855599
20170803151,108.38110438997177
20170803152,33.1622696624911
20170803153,18.667345636446157
20170803154,9.025279988279271
20170803161,105.02211544423349
20170803162,32.943244625337265
20170803163,18.034925848209326
20170803164,8.771342333841378
20170803171,105.39154976554504
20170803172,33.1262574285725
20170803173,17.887544511682492
20170803174,8.743289280036404
20170803181,109.25847382886803
20170803182,34.746937975580074
20170803183,19.867573509931734
20170803184,8.791071113619257
20170803191,108.9956512078713
20170803192,36.24094636938943
20170803193,20.2807611469292
20170803194,8.791071113619257
20170803201,104.45186210850308
20170803202,34.65357595414667
20170803203,19.338000365180775
20170803204,8.73863813963862
20170803211,99.981354217617
20170803212,33.59665206160923
20170803213,18.138125372092162
20170803214,8.595505584327766
20170803221,91.98715044732192
20170803222,32.90256611112174
20170803223,17.614351365496933
20170803224,8.595505584327766
20170803231,87.75027685811438
20170803232,30.968595743566116
20170803233,16.952952066210084
20170803234,8.345828272253469
20170804001,81.94512852686417
20170804002,30.116778589550307
20170804003,14.5283572927791
20170804004,6.827847939412204
20170804011,69.0449013252412
20170804012,25.35155533754504
20170804013,10.776629762869863
20170804014,5.433021420865268
20170804021,57.81222268886837
20170804022,21.319598980894447
20170804023,9.012811292586143
20170804024,4.67890508418736
20170804031,52.02729680550304
20170804032,17.538695619886088
20170804033,7.386671096547394
20170804034,4.344282504678705
20170804041,44.87102181431343
20170804042,15.648140547951659
20170804043,6.332085122268613
20170804044,3.936637246439855
20170804051,40.96782007449149
20170804052,15.890504929924349
20170804053,5.130495053874829
20170804054,3.975547974551186
20170804061,45.26326766515465
20170804062,16.392151668827704
20170804063,5.113113628441853
20170804064,4.013802839311368
20170804071,50.510636153148596
20170804072,18.63843234108999
20170804073,6.446577158702713
20170804074,4.63771711649406
20170804081,57.094575289676236
20170804082,20.877704930965997
20170804083,7.6188503826304625
20170804084,5.206719967334495
20170804091,67.20232210944725
20170804092,24.174040263869443
20170804093,10.534423139957328
20170804094,5.666471123545747
20170804101,86.85885324592925
20170804102,27.12195152429331
20170804103,13.816777114716992
20170804104,7.884595654290812
20170804111,100.4862275532405
20170804112,30.71897446163778
20170804113,17.629787336314983
20170804114,8.698215408226469
20170804121,103.14984565479357
20170804122,30.88209262283362
20170804123,18.21370639783542
20170804124,9.594273338700054
20170804131,92.47995662740671
20170804132,27.741204799440748
20170804133,15.965084637191497
20170804134,8.595001611367122
20170804141,100.15993052583042
20170804142,30.309794622244468
20170804143,18.343501948789545
20170804144,9.140113440077666
20170804151,94.56814593990936
20170804152,30.12337150827366
20170804153,18.263373914617816
20170804154,8.947678219800945
20170804161,93.00828758626686
20170804162,29.70264574003387
20170804163,17.679802849385805
20170804164,8.636770320076124
20170804171,91.32379742206784
20170804172,29.780133160412557
20170804173,17.874799828852826
20170804174,8.60871726627115
20170804181,95.81303040416684
20170804182,32.66908513074792
20170804183,19.047389861773315
20170804184,8.726950275276264
20170804191,97.39504623365691
20170804192,34.460497479895515
20170804193,20.710661186641797
20170804194,8.726950275276264
20170804201,94.17754145451067
20170804202,33.567845738890135
20170804203,20.174741679519855
20170804204,8.713361901862433
20170804211,84.76180521417683
20170804212,32.591527049985416
20170804213,19.154132074269356
20170804214,8.55354842236296
20170804221,82.26487000336289
20170804222,31.215470006897426
20170804223,18.955292425031583
20170804224,8.55354842236296
20170804231,78.88642290170294
20170804232,29.01181371637195
20170804233,18.274023752579126
20170804234,8.342993676673018
20170805001,72.26298491364402
20170805002,27.86303359962487
20170805003,15.356414333908354
20170805004,6.670803910897038
20170805011,61.22933242986347
20170805012,22.31763470406235
20170805013,10.511159937227424
20170805014,5.275977392350102
20170805021,52.65834614906603
20170805022,18.72700947425394
20170805023,8.664080143648901
20170805024,4.521861055672193
20170805031,45.97402121352127
20170805032,15.736844093890008
20170805033,7.133825334756061
20170805034,4.232495073880456
20170805041,39.00431066899372
20170805042,14.188135759052614
20170805043,5.895364893604806
20170805044,3.824849815641607
20170805051,35.24158564428739
20170805052,13.65274033080536
20170805053,4.880364908596893
20170805054,3.863760543752936
20170805061,39.18880093744434
20170805062,14.257007562594374
20170805063,4.753604461585124
20170805064,3.913307146910174
20170805071,43.07048275489679
20170805072,15.848434464750387
20170805073,5.4534593535862275
20170805074,4.463638755166154
20170805081,46.997486497732964
20170805082,17.612728604618766
20170805083,6.583912735209173
20170805084,4.647476436958622
20170805091,50.87113677198494
20170805092,20.51477069070166
20170805093,8.161912157195877
20170805094,5.2654038346242675
20170805101,59.6877461532488
20170805102,22.684988606034892
20170805103,10.325342493677802
20170805104,6.756510082876034
20170805111,68.76485722585409
20170805112,24.657105168681927
20170805113,12.305565461656375
20170805114,7.032647521737437
20170805121,70.50971925465495
20170805122,25.428114510460993
20170805123,13.6463675740404
20170805124,7.902052540546994
20170805131,64.18997947817896
20170805132,23.752691349389092
20170805133,12.759890585604241
20170805134,6.908327116086968
20170805141,66.14004233920932
20170805142,24.102572084996154
20170805143,14.08642332391493
20170805144,7.490872009551282
20170805151,65.56607767954029
20170805152,24.346350309714612
20170805153,14.546328883614816
20170805154,7.4168775316757625
20170805161,64.20467582698734
20170805162,24.346350309714612
20170805163,15.135983035837114
20170805164,7.27189417027076
20170805171,63.238753376259574
20170805172,24.429436011443826
20170805173,15.394126467512141
20170805174,7.304230452252248
20170805181,66.81148625696491
20170805182,26.480668983709215
20170805183,17.555554589462904
20170805184,7.487810261756029
20170805191,72.66063406651485
20170805192,28.752295068364912
20170805193,24.128357081350597
20170805194,7.487810261756029
20170805201,73.86852592056063
20170805202,29.41433894911058
20170805203,34.81675525844134
20170805204,7.501741362696042
20170805211,71.54443049523832
20170805212,28.381669571891464
20170805213,30.405333609265767
20170805214,7.456175176771944
20170805221,70.89249180148138
20170805222,27.495398255314512
20170805223,26.782705008758356
20170805224,7.722299540683832
20170805231,68.86342452677617
20170805232,26.546137624897785
20170805233,25.936747227464192
20170805234,7.3913229818129516
20170806001,61.58404711939502
20170806002,24.09542364977474
20170806003,20.639486721453146
20170806004,5.999185624398698
20170806011,53.00542811448946
20170806012,19.6064566171786
20170806013,13.485192611881537
20170806014,4.562868398776213
20170806021,45.959490531466756
20170806022,16.70282191431101
20170806023,9.797039894436084
20170806024,4.320216727688563
20170806031,39.15663300242564
20170806032,14.662104905944037
20170806033,7.510882717348626
20170806034,3.8407657399366144
20170806041,33.467452743353725
20170806042,12.566437848998357
20170806043,6.41331894033065
20170806044,3.790397529889878
20170806051,30.291720881175458
20170806052,11.844217117198703
20170806053,5.292187574930312
20170806054,3.8202964387544687
20170806061,31.807690964751703
20170806062,13.011716421224131
20170806063,5.1293328666448135
20170806064,3.9542413297927244
20170806071,36.154177365984665
20170806072,14.852657339598617
20170806073,5.234556855944113
20170806074,4.479088515807608
20170806081,39.78465664056051
20170806082,16.488131982922937
20170806083,6.064777766781209
20170806084,4.688410619841173
20170806091,46.22358145888221
20170806092,18.808576728573595
20170806093,7.6608738301211226
20170806094,5.2499475288213295
20170806101,51.94914519723775
20170806102,20.98246165079458
20170806103,9.766847277969756
20170806104,6.13144342933943
20170806111,59.531497365997886
20170806112,24.061289610932807
20170806113,11.061793008855705
20170806114,6.256164307768313
20170806121,61.17645667757309
20170806122,23.956587665687202
20170806123,12.234944424020382
20170806124,7.086843575827747
20170806131,53.929745486753006
20170806132,22.151562449515154
20170806133,11.642037502344047
20170806134,6.197723712982528
20170806141,55.56763364443682
20170806142,21.344423421102714
20170806143,12.043846567276708
20170806144,6.022119038464015
20170806151,57.60743423724627
20170806152,21.530601266458536
20170806153,13.191688731140095
20170806154,6.132978543972685
20170806161,57.9270510841211
20170806162,21.552865469736
20170806163,13.601617882150371
20170806164,5.9968873275493015
20170806171,59.11661774410123
20170806172,21.398253560177235
20170806173,14.375153446736496
20170806174,6.0385478027654464
20170806181,63.13942471327645
20170806182,23.64840752495953
20170806183,15.46182990782333
20170806184,6.523790649715007
20170806191,67.64937256276062
20170806192,26.62171153559783
20170806193,16.633518815810625
20170806194,6.9788631122060325
20170806201,70.27459753043362
20170806202,27.51620224424354
20170806203,20.81543986217563
20170806204,7.418728655436592
20170806211,68.88783854945608
20170806212,26.31476115592098
20170806213,21.36376843975698
20170806214,7.093849588787717
20170806221,66.37730451294267
20170806222,25.814994506571743
20170806223,22.50027924651392
20170806224,7.366287556251834
20170806231,63.901458932069865
20170806232,25.674712305605006
20170806233,22.865638473654588
20170806234,6.901008488019415
20170807001,60.04344506804799
20170807002,23.65075545361381
20170807003,20.346889459214164
20170807004,5.610187629929373
20170807011,53.26160225190637
20170807012,20.879963459668247
20170807013,13.987576506077483
20170807014,4.497440071633883
20170807021,45.914054413974085
20170807022,18.204845636483885
20170807023,10.551875548530992
20170807024,4.01497802885716
20170807031,40.06688096687001
20170807032,16.16380863486484
20170807033,8.663477840720455
20170807034,3.9697244787790247
20170807041,35.54297133752626
20170807042,15.071729570316748
20170807043,6.885461030646894
20170807044,3.875034111777945
20170807051,34.730343700643544
20170807052,14.12195730177257
20170807053,6.50469010068711
20170807054,4.0512974101459305
20170807061,39.34386670135059
20170807062,15.649366878783448
20170807063,6.498769036809625
20170807064,4.190013417943269
20170807071,43.99201252920348
20170807072,17.556561672981633
20170807073,7.100972740637746
20170807074,4.809636375373202
20170807081,49.53531164385573
20170807082,19.781407063355015
20170807083,8.117966235014006
20170807084,5.53713723774265
20170807091,59.64940977182419
20170807092,23.972263692446564
20170807093,10.796790779775703
20170807094,6.144356158091095
20170807101,78.92730103426585
20170807102,28.176120836276503
20170807103,13.562087696793633
20170807104,8.160058421120503
20170807111,96.62466535492113
20170807112,33.75579820549559
20170807113,16.337575588949715
20170807114,9.162669226346345
20170807121,104.10162577596871
20170807122,34.76846615236498
20170807123,17.514547308243568
20170807124,9.362166969302649
20170807131,93.74037713641157
20170807132,33.57515896381261
20170807133,16.061705143842495
20170807134,8.159805769291012
20170807141,97.06126584023403
20170807142,35.39618716839498
20170807143,16.787670383078126
20170807144,8.808050618365256
20170807151,96.25218793017281
20170807152,35.08666639765768
20170807153,17.274818233649263
20170807154,8.665152129890592
20170807161,95.12715271819486
20170807162,34.659494616553545
20170807163,16.582688176311542
20170807164,8.445497698671286
20170807171,94.83669843988491
20170807172,33.84180898344858
20170807173,16.603358388732836
20170807174,8.334580184634094
20170807181,98.0037058732427
20170807182,34.56560645181606
20170807183,16.897441263833514
20170807184,8.460453142548317
20170807191,104.62511517079234
20170807192,36.231338541600735
20170807193,17.218071393394126
20170807194,8.35975882065502
20170807201,101.52393464937761
20170807202,34.81037071909259
20170807203,17.667253377156893
20170807204,8.233930989525039
20170807211,95.39992331519304
20170807212,32.61194127587887
20170807213,17.603396649102187
20170807214,8.09482542659177
20170807221,88.93081846379845
20170807222,30.873217444334077
20170807223,17.819448354726354
20170807224,8.02143056944243
20170807231,83.98193531811299
20170807232,28.978307705916475
20170807233,17.78694968068063
20170807234,7.960348094667386
20170808001,77.56851274144735
20170808002,25.658720060412485
20170808003,16.19415194658886
20170808004,6.267695804940465
20170808011,67.13054083271331
20170808012,21.95370796661699
20170808013,12.111397063360998
20170808014,4.926776056713467
20170808021,57.886326946817235
20170808022,18.71306167825767
20170808023,9.459264158163796
20170808024,4.509538396191502
20170808031,51.37832209368363
20170808032,16.59520306048954
20170808033,7.8798523940288
20170808034,4.267845591105341
20170808041,43.89983242140549
20170808042,15.615126050040992
20170808043,6.642333836291794
20170808044,3.9353032539119437
20170808051,39.84356027296547
20170808052,15.039895141861566
20170808053,6.206744786534501
20170808054,4.066978375403426
20170808061,45.25705476310986
20170808062,16.864862101661956
20170808063,5.8262488443196805
20170808064,4.10935526908302
20170808071,49.19192513206066
20170808072,18.631479184509665
20170808073,7.114154148453909
20170808074,4.733269546265712
20170808081,54.73938293096132
20170808082,20.951951928060332
20170808083,8.088155969766275
20170808084,5.395008120532834
20170808091,64.02395783568186
20170808092,24.260947869610234
20170808093,11.024995896468617
20170808094,5.798368788058597
20170808101,78.84530647854584
20170808102,27.291482670219366
20170808103,13.931847587530173
20170808104,7.981915256468958
20170808111,94.99006777663891
20170808112,32.44746659497153
20170808113,17.18049244042011
20170808114,8.997924777558342
20170808121,101.95134385568987
20170808122,34.24051899629611
20170808123,18.02088171501763
20170808124,9.617658420741028
20170808131,92.98032704493502
20170808132,31.012587837951905
20170808133,15.822430653852985
20170808134,8.734651608936632
20170808141,100.53128950528924
20170808142,34.840896082843045
20170808143,17.576330267347306
20170808144,9.314719774781484
20170808151,101.33524470669623
20170808152,35.054962643956145
20170808153,17.35960733073356
20170808154,9.122284554504764
20170808161,100.48052306901145
20170808162,33.697345672267076
20170808163,16.7532651502276
20170808164,8.83339056293256
20170808171,99.25659290103101
20170808172,32.780102853294984
20170808173,16.71869742490075
20170808174,8.805337509127586
20170808181,104.1496801119786
20170808182,34.92936154446481
20170808183,17.073252334458243
20170808184,8.853119342710439
20170808191,107.70143618946774
20170808192,36.15876457381453
20170808193,17.009229902184426
20170808194,8.853119342710439
20170808201,104.59167262610661
20170808202,34.82131954725013
20170808203,16.584675952391404
20170808204,8.800686368729803
20170808211,99.92383353180936
20170808212,33.841253038067556
20170808213,16.29561885433767
20170808214,8.657553813418948
20170808221,92.13334805358583
20170808222,31.755638462453923
20170808223,16.127334239500772
20170808224,8.657553813418948
20170808231,85.84864643208412
20170808232,30.480717976647075
20170808233,15.956527176316726
20170808234,8.529932413914645
20170809001,80.28507483901625
20170809002,27.28087982306213
20170809003,14.519969379961443
20170809004,6.781718351785883
20170809011,71.68036509239329
20170809012,22.816005349904355
20170809013,10.874927964185824
20170809014,5.5484765716490765
20170809021,61.794204952240726
20170809022,19.392421211469756
20170809023,8.807037373937352
20170809024,4.807542641530686
20170809031,54.41310794538412
20170809032,16.426424015628097
20170809033,7.903228920167832
20170809034,4.39176213209001
20170809041,45.44255091830323
20170809042,15.619507791743887
20170809043,6.636882312317736
20170809044,3.9377955665791577
20170809051,43.237348029704435
20170809052,15.449100327640457
20170809053,6.102424318515181
20170809054,4.014599685138892
20170809061,45.580133769348386
20170809062,16.536826851416883
20170809063,5.797914366971194
20170809064,4.056976578818485
20170809071,51.81408530142721
20170809072,18.77149879389513
20170809073,7.31673557038998
20170809074,4.680890856001177
20170809081,58.01886475135524
20170809082,21.00726609179053
20170809083,8.153772864952805
20170809084,5.214162324526742
20170809091,70.46438828597393
20170809092,24.344002491915212
20170809093,10.849631850909397
20170809094,5.673913480737994
20170809101,89.94005724321877
20170809102,27.903522959699576
20170809103,13.920948179051098
20170809104,7.933730088603319
20170809111,112.14956037636163
20170809112,31.939040193757087
20170809113,17.368350340795914
20170809114,8.804733443654255
20170809121,110.33476253972708
20170809122,33.129610390233225
20170809123,17.966943499922433
20170809124,9.671088500228553
20170809131,100.37813181460547
20170809132,29.927100179548745
20170809133,15.887274951354613
20170809134,8.62050036505981
20170809141,107.45891808445043
20170809142,33.636897693544235
20170809143,18.015637325127233
20170809144,9.251521927016459
20170809151,106.73173605244567
20170809152,34.300428257783054
20170809153,17.73265039727417
20170809154,9.05908670673974
20170809161,105.3843876032366
20170809162,32.468058800192985
20170809163,16.887733711162042
20170809164,8.719239319055738
20170809171,105.75382192454815
20170809172,32.01587503701006
20170809173,16.89507554708621
20170809174,8.691186265250764
20170809181,109.79216607272869
20170809182,34.70673634700564
20170809183,17.293441128989585
20170809184,8.79868458006083
20170809191,108.99201143463858
20170809192,36.39271256088894
20170809193,17.06457958203413
20170809194,8.79868458006083
20170809201,105.39021621960023
20170809202,34.80534214564618
20170809203,16.473045084762727
20170809204,8.746251606080193
20170809211,100.0331686532953
20170809212,33.64846649728754
20170809213,15.915737276056392
20170809214,8.543402569542126
20170809221,91.83838842565804
20170809222,32.845665964537226
20170809223,15.915737276056392
20170809224,8.543402569542126
20170809231,86.2608901574569
20170809232,30.7753105925899
20170809233,15.706471388808078
20170809234,8.415781170037823
20170810001,79.70546984638662
20170810002,28.68367232530383
20170810003,13.677349016398635
20170810004,6.695660402687777
20170810011,68.64775671900128
20170810012,23.73083285895332
20170810013,9.916407049516186
20170810014,5.392602618296241
20170810021,58.57575759282707
20170810022,20.718761975717925
20170810023,8.245496501477962
20170810024,4.653739405546501
20170810031,52.77122881427095
20170810032,17.519711187946413
20170810033,7.131645900118578
20170810034,4.319116826037846
20170810041,45.298963673665725
20170810042,15.807849489471065
20170810043,6.299696036309502
20170810044,3.911471567798997
20170810051,42.29131101877967
20170810052,15.714941099177722
20170810053,5.062981992424611
20170810054,4.004191610653739
20170810061,45.50802992602114
20170810062,16.579682062005908
20170810063,5.172318246655908
20170810064,4.046568504333332
20170810071,52.51950366209294
20170810072,19.0830076633514
20170810073,6.121656732168359
20170810074,4.670482781516024
20170810081,58.54454120911826
20170810082,21.016517361962972
20170810083,7.48694457307813
20170810084,5.239485632356459
20170810091,71.07754172835247
20170810092,24.353253762087654
20170810093,9.814128775162423
20170810094,5.699236788567711
20170810101,93.6633308872439
20170810102,27.912774229872017
20170810103,12.56014604164623
20170810104,7.959053396433036
20170810111,114.16785919749483
20170810112,31.91536638630874
20170810113,16.498200026387728
20170810114,8.799067353423748
20170810121,112.39866523484417
20170810122,32.99411457835105
20170810123,17.53024626959665
20170810124,9.717591370629906
20170810131,102.05158804937291
20170810132,29.903426372100398
20170810133,15.820096672691166
20170810134,8.70074400807541
20170810141,110.25705810051011
20170810142,33.16027000144603
20170810143,17.846051372946427
20170810144,9.245855836785951
20170810151,108.22208351519421
20170810152,33.56434235528663
20170810153,18.004015668671226
20170810154,9.053420616509232
20170810161,105.05025607246345
20170810162,33.23084346396546
20170810163,16.882067620931537
20170810164,8.79948296207134
20170810171,105.79042148214639
20170810172,33.153494911075285
20170810173,16.88932575472836
20170810174,8.771429908266365
20170810181,109.69231095005297
20170810182,35.303642918049256
20170810183,17.435391134655386
20170810184,8.87892822307643
20170810191,108.96833762719024
20170810192,36.36813560771341
20170810193,17.206529587699933
20170810194,8.87892822307643
20170810201,105.36654241215189
20170810202,34.78076519247065
20170810203,16.836215539343495
20170810204,8.826495249095794
20170810211,100.00949484584696
20170810212,33.62479268983919
20170810213,16.030802512298578
20170810214,8.623646212557727
20170810221,91.81471461820969
20170810222,32.930706739351706
20170810223,15.862517897461656
20170810224,8.623646212557727
20170810231,87.00600880100599
20170810232,30.7753105925899
20170810233,15.668902199927683
20170810234,8.46673456614962
20170811001,80.25838109840693
20170811002,29.024779633961263
20170811003,13.56478997754789
20170811004,6.827847939412204
20170811011,68.0562543908419
20170811012,23.50443003219405
20170811013,10.010124097292621
20170811014,5.361377808251611
20170811021,57.71381749848044
20170811022,20.650760960118728
20170811023,8.313413549763098
20170811024,4.67890508418736
20170811031,51.91489565524087
20170811032,17.410880879033968
20170811033,6.88437361129532
20170811034,4.344282504678705
20170811041,44.81193154150367
20170811042,15.520411072340643
20170811043,6.017959824994968
20170811044,3.936637246439855
20170811051,40.995960702721455
20170811052,15.685265536407133
20170811053,5.006088495866531
20170811054,4.003688602781148
20170811061,45.29140829338461
20170811062,16.420292297057664
20170811063,5.069610644058155
20170811064,4.041943467541328
20170811071,50.59250060938453
20170811072,18.66657296931995
20170811073,5.689975750637446
20170811074,4.66585774472402
20170811081,57.1227159179062
20170811082,20.905845559195956
20170811083,6.85308860040997
20170811084,5.234860595564455
20170811091,67.30894756051705
20170811092,24.202180892099403
20170811093,9.507458475123116
20170811094,5.694611751775707
20170811101,86.88699387415922
20170811102,27.579286247396183
20170811103,12.331994903433955
20170811104,7.912736282520772
20170811111,100.7271986613293
20170811112,31.53737024221958
20170811113,15.274402873466087
20170811114,8.72635603645643
20170811121,102.62223290525411
20170811122,32.4449982111748
20170811123,16.25267226348312
20170811124,9.622413966930015
20170811131,92.19688110251869
20170811132,29.190112873258357
20170811133,14.881918933925427
20170811134,8.623142239597083
20170811141,100.18807115406038
20170811142,31.98519549909167
20170811143,17.03356992721286
20170811144,9.168254068307627
20170811151,96.10670502761849
20170811152,31.54023285921478
20170811153,16.85007085538359
20170811154,8.975818848030906
20170811161,93.24630062150167
20170811162,31.01991554999525
20170811163,16.339914039805617
20170811164,8.664910948306085
20170811171,92.49720347841004
20170811172,30.28928622483812
20170811173,16.274230800963874
20170811174,8.63685789450111
20170811181,93.8231801495844
20170811182,33.321320112728685
20170811183,16.877864553605175
20170811184,8.814807384733438
20170811191,94.0127714569804
20170811192,34.50829086046104
20170811193,17.209021656045753
20170811194,8.814807384733438
20170811201,91.91291119181699
20170811202,34.06519802379325
20170811203,16.86249145995135
20170811204,8.801219011319606
20170811211,84.47117093446987
20170811212,32.61966767821538
20170811213,16.339561461734263
20170811214,8.58168905059292
20170811221,81.69182606178947
20170811222,31.243610635127386
20170811223,16.171276846897367
20170811224,8.58168905059292
20170811231,78.65717137717763
20170811232,29.03995434460191
20170811233,15.600393882572218
20170811234,8.377990237323061
20170812001,71.82001967475996
20170812002,27.553358995335856
20170812003,13.17213440654689
20170812004,6.670803910897038
20170812011,61.07044728398556
20170812012,22.085647013139095
20170812013,9.532924636515899
20170812014,5.204333779736444
20170812021,52.55826852162522
20170812022,18.67403613377841
20170812023,8.059174936531917
20170812024,4.521861055672193
20170812031,45.97402121352127
20170812032,15.685965461283045
20170812033,6.613120631083541
20170812034,4.232495073880456
20170812041,39.00431066899372
20170812042,14.188135759052614
20170812043,5.589315921570878
20170812044,3.824849815641607
20170812051,35.26972627251735
20170812052,13.695478704875656
20170812053,4.7705560964289315
20170812054,3.9064989178232334
20170812061,39.216941565674304
20170812062,14.29974593666467
20170812063,4.7963428356554205
20170812064,3.956045520980471
20170812071,43.11322112896708
20170812072,15.89117283882068
20170812073,5.115176238095051
20170812074,4.5063771292364505
20170812081,47.04022487180326
20170812082,17.655466978689063
20170812083,5.967046076178427
20170812084,5.006841223927307
20170812091,50.91387514605524
20170812092,20.557509064771956
20170812093,7.772486204643934
20170812094,5.342594494446293
20170812101,59.23321396982254
20170812102,23.481450523620428
20170812103,9.891611617499446
20170812104,6.870853190174759
20170812111,68.94009702661673
20170812112,24.881170736917312
20170812113,11.175555344671013
20170812114,7.075385895807734
20170812121,69.8961359906329
20170812122,25.879507400460778
20170812123,12.733039466034809
20170812124,7.944790914617291
20170812131,62.569036688769295
20170812132,23.904752344645022
20170812133,12.309424548201061
20170812134,6.951065490157265
20170812141,64.64005150307567
20170812142,24.387282385792503
20170812143,13.115975850923276
20170812144,7.206298389290149
20170812151,65.03788990092708
20170812152,24.63106061051096
20170812153,13.806714824833087
20170812154,7.132303911414629
20170812161,64.02683458776984
20170812162,24.736588750848114
20170812163,14.120810362569252
20170812164,6.987320550009625
20170812171,63.228830012810356
20170812172,24.952117053415524
20170812173,14.2722215061752
20170812174,7.019656831991113
20170812181,66.45280602926566
20170812182,27.82036102354296
20170812183,15.594565585612944
20170812184,7.231228832261833
20170812191,72.54417371863786
20170812192,30.40166910610622
20170812193,17.239177383294447
20170812194,7.231228832261833
20170812201,74.1437178942336
20170812202,30.470376989203388
20170812203,19.371934407252642
20170812204,7.529881990926002
20170812211,71.65784827621246
20170812212,29.34089534115347
20170812213,18.47668330257262
20170812214,7.157003810670476
20170812221,70.56457668399813
20170812222,27.909720382465352
20170812223,17.495941642145944
20170812224,7.7504401689137925
20170812231,69.4383772512122
20170812232,27.318271458992292
20170812233,16.833758475853625
20170812234,7.092151615711484
20170813001,61.3722698006435
20170813002,24.237315408243013
20170813003,14.59360824046332
20170813004,5.999185624398698
20170813011,51.98491333929097
20170813012,19.6064566171786
20170813013,10.380699190199834
20170813014,4.562868398776213
20170813021,45.851680583492445
20170813022,16.70282191431101
20170813023,8.439126909064267
20170813024,4.320216727688563
20170813031,39.15663300242564
20170813032,14.581874038960486
20170813033,6.997536170717201
20170813034,3.8407657399366144
20170813041,33.467452743353725
20170813042,12.566437848998357
20170813043,5.61678562901626
20170813044,3.790397529889878
20170813051,30.291720881175458
20170813052,11.858814863039038
20170813053,4.798025803874313
20170813054,3.8348941845948046
20170813061,31.82228871059204
20170813062,13.026314167064466
20170813063,4.836606097753393
20170813064,3.9688390756330607
20170813071,36.168775111825
20170813072,14.867255085438952
20170813073,5.099049011507534
20170813074,4.519170683889041
20170813081,39.79925438640085
20170813082,16.502729728763274
20170813083,5.62194547065775
20170813084,5.019634778579897
20170813091,46.23817920472254
20170813092,19.44838992975387
20170813093,7.5498771534600815
20170813094,5.298997560413395
20170813101,51.96374294307808
20170813102,20.997059396634917
20170813103,9.30759142575649
20170813104,6.217645908408195
20170813111,58.27039299838025
20170813112,24.04025871794186
20170813113,10.019226804949254
20170813114,6.2707620536086495
20170813121,60.428241906058695
20170813122,24.207755091729894
20170813123,11.330350657127235
20170813124,7.101441321668084
20170813131,53.92859464920841
20170813132,22.454844846411458
20170813133,10.37909068486517
20170813134,6.212321458822864
20170813141,55.30897212741915
20170813142,21.35902116694305
20170813143,10.708668579744062
20170813144,5.958254806641092
20170813151,56.337817139463546
20170813152,21.707793858451794
20170813153,11.41452788796916
20170813154,6.069114312149764
20170813161,56.58544646324876
20170813162,21.87216270808747
20170813163,11.693482802766468
20170813164,5.93302309572638
20170813171,58.14141784554534
20170813172,21.54915616771564
20170813173,12.1056212798214
20170813174,5.974683570942525
20170813181,62.4157423756855
20170813182,24.9127554862179
20170813183,13.260764409393106
20170813184,6.239068591990851
20170813191,67.0962490131723
20170813192,28.689389601532497
20170813193,14.174928309899729
20170813194,6.239068591990851
20170813201,70.27459753043362
20170813202,28.838685620353296
20170813203,15.28678574414233
20170813204,6.797948615079486
20170813211,68.07898134510035
20170813212,27.75553178694507
20170813213,15.48295701073922
20170813214,6.526203599314022
20170813221,66.37730451294267
20170813222,27.69108368183679
20170813223,15.608232632443599
20170813224,6.952138041604569
20170813231,63.901458932069865
20170813232,27.482234299631397
20170813233,16.048985183127982
20170813234,6.573696493687982
20170814001,60.04344506804799
20170814002,24.47909810755166
20170814003,15.016210872830937
20170814004,5.610187629929373
20170814011,53.26160225190637
20170814012,21.161038200335273
20170814013,11.053167400214722
20170814014,4.497440071633883
20170814021,45.914054413974085
20170814022,18.204845636483885
20170814023,9.186530284460298
20170814024,4.01497802885716
20170814031,40.128816207054044
20170814032,16.22574387504887
20170814033,7.423014659262872
20170814034,3.9697244787790247
20170814041,35.604906577710295
20170814042,15.133664810500779
20170814043,6.1287486038638965
20170814044,3.875034111777945
20170814051,34.812203462951956
20170814052,14.235131611217918
20170814053,5.4026906241321
20170814054,4.061896183270708
20170814061,39.91770254326999
20170814062,15.915348842356433
20170814063,5.336108110159909
20170814064,4.219149456825213
20170814071,45.79302190273427
20170814072,17.82254363655462
20170814073,5.76156255250157
20170814074,4.889281578429303
20170814081,50.879931281267886
20170814082,20.220629564207577
20170814083,6.559981083736985
20170814084,5.566273276624594
20170814091,60.654994981929654
20170814092,24.298922261451178
20170814093,9.681119613902155
20170814094,6.173492196973039
20170814101,80.27801705332074
20170814102,28.502779405281117
20170814103,12.093545871506226
20170814104,8.189194460002447
20170814111,100.39114426550071
20170814112,35.11963425971653
20170814113,14.44983438404591
20170814114,9.19180526522829
20170814121,106.27287300639674
20170814122,36.7516866904672
20170814123,15.734841916330723
20170814124,9.391303008184593
20170814131,96.05652091645518
20170814132,34.75497657176918
20170814133,14.4356049769053
20170814134,8.188941808172956
20170814141,98.80219857632196
20170814142,37.24622844606041
20170814143,15.711001140347394
20170814144,8.8371866572472
20170814151,96.53821653587568
20170814152,36.36012989729531
20170814153,16.020324960761837
20170814154,8.694288168772536
20170814161,95.86579832877511
20170814162,34.97901562032693
20170814163,16.030370558740266
20170814164,8.456736756410741
20170814171,95.6952869749184
20170814172,35.31916716581847
20170814173,16.142181432027638
20170814174,8.34581924237355
20170814181,98.70639184714399
20170814182,36.44192959680023
20170814183,16.421663818371375
20170814184,8.272814756130598
20170814191,105.06926649461133
20170814192,36.86810925368625
20170814193,16.35764138609756
20170814194,8.150352513328793
20170814201,101.7675365345029
20170814202,35.64182244713673
20170814203,16.078532054062613
20170814204,8.111611574012608
20170814211,95.90995403044151
20170814212,34.16132013422686
20170814213,15.794700119470736
20170814214,7.972506011079343
20170814221,91.31916243091523
20170814222,31.980990338858877
20170814223,15.921325413885876
20170814224,7.899111153929995
20170814231,85.78531801566427
20170814232,30.549514865489762
20170814233,15.725985270799644
20170814234,7.838028679154956
20170815001,78.8384895372379
20170815002,27.16881017506879
20170815003,14.747833083447658
20170815004,6.30064224154283
20170815011,67.09602336400766
20170815012,22.90045491680047
20170815013,11.00865354217778
20170815014,4.878331396781696
20170815021,58.11806940207954
20170815022,19.483508732941885
20170815023,9.042202808318429
20170815024,4.532737348873388
20170815031,51.39860216524453
20170815032,16.6507157445593
20170815033,7.62092248567372
20170815034,4.291044543787227
20170815041,43.920112492966396
20170815042,15.687494598993572
20170815043,6.445561275803362
20170815044,3.9585022065938302
20170815051,39.86384034452637
20170815052,15.08707989071345
20170815053,5.538127792479894
20170815054,4.104775073925649
20170815061,45.519679933787316
20170815062,16.91204685051384
20170815063,5.677530589620251
20170815064,4.147151967605242
20170815071,50.23229067389478
20170815072,18.68968517266351
20170815073,6.204807424438725
20170815074,4.771066244787934
20170815081,55.09769625284743
20170815082,21.053795317446863
20170815083,7.203765860397971
20170815084,5.432804819055057
20170815091,65.11812402143717
20170815092,24.372370363096753
20170815093,9.791655425951774
20170815094,5.8361654865808195
20170815101,81.81243559087844
20170815102,27.494609003923056
20170815103,12.393246134427296
20170815104,8.01971195499118
20170815111,95.27836170833251
20170815112,32.90891717070656
20170815113,14.376501595953707
20170815114,9.053574172098058
20170815121,101.97090080124978
20170815122,34.91985794119063
20170815123,15.86256918562551
20170815124,9.673307815280744
20170815131,94.33345426046266
20170815132,32.48782531732402
20170815133,14.417229106351023
20170815134,8.790301003476348
20170815141,100.41974120100649
20170815142,35.5922808218115
20170815143,16.206188639846626
20170815144,9.370369169321199
20170815151,99.47337798312213
20170815152,35.133867204002556
20170815153,16.469708797227774
20170815154,9.17793394904448
20170815161,98.94655810517597
20170815162,34.755150067402525
20170815163,16.183644651086635
20170815164,8.889039957472276
20170815171,96.33065276002849
20170815172,34.83726838834024
20170815173,16.68724052392307
20170815174,8.836753298472109
20170815181,103.2153554396518
20170815182,36.13402451800845
20170815183,17.324725766543185
20170815184,8.972243804049116
20170815191,106.15886435165197
20170815192,36.86697584885431
20170815193,17.285588577780977
20170815194,8.972243804049116
20170815201,104.58034007968895
20170815202,35.41857040867912
20170815203,16.964676420138908
20170815204,8.881865154469857
20170815211,100.24149391634027
20170815212,33.78565922102886
20170815213,16.458591647950545
20170815214,8.67901611793179
20170815221,91.90377704587961
20170815222,32.35034975990774
20170815223,16.29030703311365
20170815224,8.67901611793179
20170815231,86.02306672669721
20170815232,30.425124159608366
20170815233,16.0794712307883
20170815234,8.544538786007404
20170816001,79.37743652476951
20170816002,28.52648018978561
20170816003,14.06812363929101
20170816004,6.893126766051505
20170816011,69.46255164463415
20170816012,23.865208167591778
20170816013,10.155837975683772
20170816014,5.64331913694462
20170816021,58.1410574314828
20170816022,20.470972249305813
20170816023,8.407788615706218
20170816024,4.830741594212572
20170816031,52.23826771969422
20170816032,16.995312291203152
20170816033,7.459186058907534
20170816034,4.414961084771896
20170816041,45.306246281956355
20170816042,15.740254258923423
20170816043,5.867303664416361
20170816044,3.960994519261044
20170816051,42.23842630574863
20170816052,15.245109035188447
20170816053,5.2215176896812805
20170816054,4.052396383661114
20170816061,45.60548992570301
20170816062,16.676646125183712
20170816063,5.330853943912578
20170816064,4.094773277340708
20170816071,52.494126877748535
20170816072,18.901353279946605
20170816073,5.6707310275714224
20170816074,4.7186875545234
20170816081,58.42786584301921
20170816082,21.146699681941993
20170816083,6.87850024230523
20170816084,5.251959023048965
20170816091,70.6405654262141
20170816092,24.483436082066675
20170816093,9.660449756540942
20170816094,5.7117101792602165
20170816101,93.30604605571332
20170816102,28.104617590319748
20170816103,12.151946487533198
20170816104,7.9715267871255415
20170816111,114.98979019734014
20170816112,32.822321697670496
20170816113,14.380917488820003
20170816114,8.86038283819397
20170816121,112.37012179151539
20170816122,35.05146473553964
20170816123,15.862484013035948
20170816124,9.726737894768268
20170816131,100.84247624289955
20170816132,31.775770226735418
20170816133,14.409626307672907
20170816134,8.676149759599525
20170816141,109.3718828813721
20170816142,35.45810917388009
20170816143,16.28634823869361
20170816144,9.307171321556174
20170816151,108.76331769360554
20170816152,35.17133983458234
20170816153,16.38920076382916
20170816154,9.114736101279455
20170816161,105.14453369424652
20170816162,33.89744964449865
20170816163,16.221774660935075
20170816164,8.774888713595454
20170816171,106.82861449405182
20170816172,33.398011171189204
20170816173,17.175256410045996
20170816174,8.722602054595287
20170816181,110.70119543928324
20170816182,35.67140504971534
20170816183,17.77111325743033
20170816184,8.858092560172294
20170816191,111.22880870893744
20170816192,36.96149691393486
20170816193,18.182080663441855
20170816194,8.858092560172294
20170816201,106.02845895894205
20170816202,35.330652347918914
20170816203,17.13586427869687
20170816204,8.767713910593034
20170816211,102.76024424166629
20170816212,33.69774116026865
20170816213,16.521699359976562
20170816214,8.564864874054967
20170816221,95.44533311536364
20170816222,33.15760475263119
20170816223,16.301622307546776
20170816224,8.564864874054967
20170816231,88.8304349904945
20170816232,30.82458525557101
20170816233,15.757662775702883
20170816234,8.437243474550664
20170817001,81.53461792650818
20170817002,29.542454197426526
20170817003,13.590252563645965
20170817004,6.807068816953399
20170817011,69.22230733321666
20170817012,24.635128722446883
20170817013,9.904288232898361
20170817014,5.415801570978127
20170817021,57.87098061535044
20170817022,21.306240832172282
20170817023,8.284716497308164
20170817024,4.676938358228387
20170817031,52.24339773031661
20170817032,17.67882950610824
20170817033,6.921094196971985
20170817034,4.342315778719732
20170817041,45.34484772247296
20170817042,15.868447589147559
20170817043,5.823764511387075
20170817044,3.9346705204808825
20170817051,42.33960218700552
20170817052,15.79013694469455
20170817053,5.083075513896981
20170817054,4.041988309175961
20170817061,45.59829641350403
20170817062,16.654877907522735
20170817063,5.192411768128278
20170817064,4.084365202855555
20170817071,52.64668545853242
20170817072,19.22244125350286
20170817073,5.5818609754230115
20170817074,4.708279480038247
20170817081,58.95354230078223
20170817082,21.155950952114434
20170817083,6.576511555803513
20170817084,5.277282330878681
20170817091,71.19966563676743
20170817092,24.492687352239116
20170817093,9.479265035790984
20170817094,5.737033487089933
20170817101,94.16572849197374
20170817102,28.11386886049219
20170817103,11.775286026979474
20170817104,7.996850094955258
20170817111,114.43967449527739
20170817112,32.79864789022215
20170817113,14.153859442726137
20170817114,8.854716747963463
20170817121,112.70718966783554
20170817122,35.02779092809129
20170817123,15.799603358433787
20170817124,9.773240765169621
20170817131,101.99485932713567
20170817132,31.75209641928707
20170817133,14.4039602174424
20170817134,8.756393402615126
20170817141,110.46416074814829
20170817142,35.43443536643174
20170817143,16.280682148463104
20170817144,9.301505231325667
20170817151,108.66617141514698
20170817152,35.147666027133994
20170817153,16.383534673598653
20170817154,9.109070011048948
20170817161,104.81040216347337
20170817162,34.53133763483797
20170817163,16.21610857070457
20170817164,8.855132356611055
20170817171,106.3649124835176
20170817172,34.65649915210765
20170817173,17.16959031981549
20170817174,8.802845697610888
20170817181,110.67752163183489
20170817182,36.28604427504514
20170817183,19.074457155429087
20170817184,8.938336203187895
20170817191,111.20513490148909
20170817192,36.93782310648651
20170817193,18.672188647442344
20170817194,8.938336203187895
20170817201,106.0047851514937
20170817202,35.30697854047057
20170817203,17.66913758976412
20170817204,8.847957553608635
20170817211,102.4996171671106
20170817212,33.6740673528203
20170817213,16.94137927195295
20170817214,8.645108517070568
20170817221,95.83098293594281
20170817222,33.24264552744567
20170817223,16.62954299160442
20170817224,8.645108517070568
20170817231,89.42945910913771
20170817232,30.82458525557101
20170817233,16.09078650522143
20170817234,8.488196870662462
20170818001,80.16257861459425
20170818002,29.493577442198813
20170818003,13.60479827133175
20170818004,6.970236178522414
20170818011,67.54351732680104
20170818012,23.676977547156635
20170818013,10.025057164633798
20170818014,5.415556585778083
20170818021,57.623123696203436
20170818022,20.68383122698391
20170818023,8.254952267547495
20170818024,4.733083861713832
20170818031,51.93918218575222
20170818032,17.43437204179916
20170818033,6.905173526112284
20170818034,4.398461282205178
20170818041,44.82311577281822
20170818042,15.543902235105836
20170818043,5.87991001487252
20170818044,3.9908160239663286
20170818051,41.007144934036006
20170818052,15.779201723842771
20170818053,5.113552330868977
20170818054,4.072465126147957
20170818061,45.52491877935022
20170818062,16.52646796741908
20170818063,5.177074479060601
20170818064,4.110719990908137
20170818071,52.25424131686079
20170818072,19.094031313399206
20170818073,5.5665236863553345
20170818074,4.734634268090829
20170818081,59.28376244766089
20170818082,21.076258974192008
20170818083,6.561174266735836
20170818084,5.303637118931264
20170818091,71.78877927499101
20170818092,24.33696566826417
20170818093,9.236011770575795
20170818094,5.763388275142516
20170818101,88.56458953144332
20170818102,27.79912121993517
20170818103,11.704435272734377
20170818104,7.981512805887581
20170818111,106.54762095120275
20170818112,32.4393920880518
20170818113,14.005587401319968
20170818114,8.828287505271648
20170818121,105.04654067036337
20170818122,33.461006559972496
20170818123,15.394298456925913
20170818124,9.724345435745233
20170818131,93.29079721423312
20170818132,30.39250955203681
20170818133,13.41659370255656
20170818134,8.725073708412305
20170818141,101.15822820504555
20170818142,33.918231410354124
20170818143,15.458588955051034
20170818144,9.270185537122845
20170818151,94.21784656462741
20170818152,33.254753959488525
20170818153,15.93099502810355
20170818154,9.077750316846124
20170818161,91.25139102763185
20170818162,32.32951431400361
20170818163,15.629919822817524
20170818164,8.766842417121303
20170818171,91.96521149281651
20170818172,32.322341776731626
20170818173,17.03995754676065
20170818174,8.714555758121136
20170818181,96.78530471041833
20170818182,34.52477596376027
20170818183,19.183475289367557
20170818184,8.920497439120405
20170818191,98.48428929870602
20170818192,36.17335512376636
20170818193,19.274535353393212
20170818194,8.920497439120405
20170818201,94.5029141931213
20170818202,34.71343667076575
20170818203,17.657425715438
20170818204,8.868963390107952
20170818211,87.1576977738654
20170818212,33.469356981210105
20170818213,16.90845486237121
20170818214,8.649433429381267
20170818221,82.303556418512
20170818222,31.39921398763462
20170818223,16.596618582022682
20170818224,8.649433429381267
20170818231,79.277790075306
20170818232,29.576179130950806
20170818233,16.106828911988238
20170818234,8.474772435486903
20170819001,71.93348802550034
20170819002,28.536488382152104
20170819003,13.10136906356839
20170819004,6.813192150007247
20170819011,61.31659150496217
20170819012,22.916684653780603
20170819013,9.547857703857076
20170819014,5.258512557262917
20170819021,52.65964024572978
20170819022,19.375701773899706
20170819023,8.074172680101304
20170819024,4.576039833198666
20170819031,45.99830774403262
20170819032,15.732382305106457
20170819033,6.705986720245651
20170819034,4.2866738514069285
20170819041,39.01549490030827
20170819042,14.328570234578695
20170819043,5.682182010732988
20170819044,3.87902859316808
20170819051,35.30279653938254
20170819052,13.774817146470959
20170819053,4.863422185591042
20170819054,3.9606776953497063
20170819061,39.450452051639914
20170819062,14.391323861185752
20170819063,4.889208924817529
20170819064,4.010224298506945
20170819071,43.34673161493269
20170819072,15.993618032082784
20170819073,5.208042327257161
20170819074,4.560555906762923
20170819081,47.383003246927856
20170819082,17.81257081248581
20170819083,5.981450187677279
20170819084,5.061020001453779
20170819091,51.51646476784599
20170819092,20.714612898568703
20170819093,7.585267357026671
20170819094,5.396773271972766
20170819101,62.4098765786281
20170819102,23.637266192776142
20170819103,9.924250697548413
20170819104,6.925031967701232
20170819111,71.1842471683424
20170819112,26.12152610973108
20170819113,10.646242570511385
20170819114,7.147417369351698
20170819121,73.57971395991748
20170819122,27.162562200423515
20170819123,12.457775641679307
20170819124,8.016822388161254
20170819131,67.40737385379869
20170819132,24.683435359920164
20170819133,11.078422501961041
20170819134,7.038399213132147
20170819141,68.20745909071545
20170819142,25.459027153331068
20170819143,11.676048840184773
20170819144,7.278329862834113
20170819151,66.46893376018467
20170819152,25.97936207954316
20170819153,13.091179253926121
20170819154,7.204335384958593
20170819161,65.42032082534946
20170819162,25.576868509052495
20170819163,13.038280315712894
20170819164,7.059352023553589
20170819171,64.84465873707666
20170819172,25.708531453399885
20170819173,13.920931517480101
20170819174,7.067454700339885
20170819181,69.93270136656399
20170819182,29.08551220549989
20170819183,16.333424739562023
20170819184,7.279026700610606
20170819191,73.48916775854181
20170819192,30.38673184699091
20170819193,17.52617087885846
20170819194,7.279026700610606
20170819201,73.94761147374649
20170819202,31.633309132405547
20170819203,20.58364686286056
20170819204,7.591737464142685
20170819211,72.3223804292163
20170819212,31.473062955073843
20170819213,18.548514415273054
20170819214,7.234161533318077
20170819221,70.48001255572287
20170819222,29.700129445020746
20170819223,17.462326127079844
20170819224,7.812295642130476
20170819231,67.96523865074705
20170819232,29.151323529034528
20170819233,16.740161795012913
20170819234,7.19834715773458
20170820001,61.84284715685474
20170820002,26.21101803431394
20170820003,13.50733397995119
20170820004,6.141573863508907
20170820011,53.20489324466992
20170820012,20.65961892262108
20170820013,9.62912659196377
20170820014,4.617047176302686
20170820021,46.027679355444306
20170820022,17.144118460791884
20170820023,8.0980509304429
20170820024,4.374395505215036
20170820031,39.22482182640319
20170820032,14.670027161200771
20170820033,6.751863646111477
20170820034,3.8949445174630877
20170820041,33.50052301021891
20170820042,12.645776290593663
20170820043,5.709651718178369
20170820044,3.844576307416352
20170820051,30.710893236991815
20170820052,11.95039278756012
20170820053,4.890891893036423
20170820054,3.8890729621212774
20170820061,32.346597912136374
20170820062,13.117892091585547
20170820063,4.929472186915501
20170820064,4.023017853159536
20170820071,36.32722709017879
20170820072,14.969700278701053
20170820073,5.191915100669644
20170820074,4.573349461415514
20170820081,39.957706364754635
20170820082,16.605174922025373
20170820083,5.71481155981986
20170820084,5.07381355610637
20170820091,46.618779722930825
20170820092,19.605493763550616
20170820093,7.590574281990331
20170820094,5.353176337939868
20170820101,52.65960852527378
20170820102,21.606614362554726
20170820103,9.023344909455345
20170820104,6.271824685934668
20170820111,60.83546073627175
20170820112,24.594465243169417
20170820113,9.966119091442637
20170820114,6.3427935271526135
20170820121,61.97148357406106
20170820122,25.495139138668446
20170820123,11.141507199403572
20170820124,7.173472795212048
20170820131,55.78194989329292
20170820132,23.51414445801373
20170820133,9.866625304019129
20170820134,6.284352932366828
20170820141,57.59691509510884
20170820142,23.29555622660065
20170820143,10.507011623747049
20170820144,6.030286280185056
20170820151,58.262278600201554
20170820152,23.17393983111948
20170820153,11.120017368014418
20170820154,6.141145785693728
20170820161,59.503044511169975
20170820162,23.043422662730134
20170820163,11.437313675417236
20170820164,6.005054569270344
20170820171,60.96496517671962
20170820172,23.343014815255586
20170820173,11.574160595701997
20170820174,6.0224814392912975
20170820181,64.27924112523276
20170820182,25.509774920714992
20170820183,13.254011275848681
20170820184,6.208404482676365
20170820191,69.8059423642671
20170820192,28.00414825963362
20170820193,13.885019691772879
20170820194,6.208404482676365
20170820201,71.2338063455837
20170820202,29.76146916994536
20170820203,14.978503325684686
20170820204,6.859804088296169
20170820211,70.54110217004596
20170820212,29.520373153476047
20170820213,15.024946982033487
20170820214,6.588059072530705
20170820221,69.8204840253734
20170820222,29.86021968675938
20170820223,15.219230198452221
20170820224,7.013993514821252
20170820231,66.60587686354685
20170820232,29.696272883303834
20170820233,15.287894898614915
20170820234,6.66458978628016
20170821001,63.10981464755427
20170821002,27.3245267640742
20170821003,12.97110145706827
20170821004,5.752575869039583
20170821011,55.28934748225187
20170821012,22.973225755359614
20170821013,9.9878384558898
20170821014,4.551618849160356
20170821021,46.72355152218473
20170821022,19.901875721514692
20170821023,8.244050676555268
20170821024,4.385783219282022
20170821031,41.729943983994914
20170821032,17.355200477229527
20170821033,6.87844029833615
20170821034,4.058355542057229
20170821041,36.83853007817414
20170821042,15.707639743276888
20170821043,5.892174094406992
20170821044,4.007987332010492
20170821051,35.37643912995266
20170821052,15.33203196753804
20170821053,5.196577093962855
20170821054,4.116074960797181
20170821061,40.05778099958942
20170821062,16.98674674866073
20170821063,5.342015285362991
20170821064,4.273328234351686
20170821071,46.16491081263827
20170821072,18.690265113684465
20170821073,5.760651362655052
20170821074,4.943460355955776
20170821081,51.71009210523102
20170821082,20.74193174977262
20170821083,6.310219877222293
20170821084,5.620452054151067
20170821091,64.4516714126567
20170821092,25.477289114923845
20170821093,9.412190801939976
20170821094,6.227670974499512
20170821101,83.12429769084108
20170821102,30.09270469969576
20170821103,11.633642632728934
20170821104,8.243373237528921
20170821111,102.86202159473329
20170821112,36.46167297652013
20170821113,13.877533089169008
20170821114,9.279138988203174
20170821121,109.84871559039225
20170821122,37.39752638311264
20170821123,15.482519701819731
20170821124,9.478636731159478
20170821131,96.26657772071646
20170821132,35.05890816031387
20170821133,13.509771055029418
20170821134,8.276275531147842
20170821141,101.40421644288774
20170821142,37.680122770880295
20170821143,15.325331402417985
20170821144,8.924520380222084
20170821151,98.66543867251237
20170821152,37.987121175359235
20170821153,15.563541098204196
20170821154,8.78162189174742
20170821161,95.63701593799907
20170821162,36.89707356867829
20170821163,15.548175548513838
20170821164,8.544070479385626
20170821171,95.06512959919725
20170821172,36.16962485961516
20170821173,16.255693789552357
20170821174,8.614246063187263
20170821181,99.22627382404302
20170821182,37.41484038798098
20170821183,16.67473212501357
20170821184,8.719203318410221
20170821191,105.84768312159267
20170821192,38.132086715154415
20170821193,17.241318852276247
20170821194,8.719203318410221
20170821201,103.78373818448378
20170821202,37.34370939917982
20170821203,16.7459913909118
20170821204,8.555429811681616
20170821211,97.01304650530261
20170821212,35.299142372513515
20170821213,16.37850998820952
20170821214,8.416324248748351
20170821221,92.16903142046623
20170821222,33.862977260064085
20170821223,15.94051502662884
20170821224,8.267279516986052
20170821231,87.18600323384891
20170821232,32.183899353714565
20170821233,15.758717043678987
20170821234,8.057273120120598
20170822001,81.34912527398365
20170822002,30.15502579175918
20170822003,13.795436413933977
20170822004,6.331622066387417
20170822011,68.45620311444698
20170822012,24.83654453257829
20170822013,10.053996659422236
20170822014,4.959820385800439
20170822021,58.039253086353334
20170822022,21.383246304245827
20170822023,8.271376378646604
20170822024,4.563717173717975
20170822031,51.87438184735901
20170822032,17.937156139548872
20170822033,7.171201924764219
20170822034,4.322024368631814
20170822041,44.83981137974184
20170822042,16.126774222588196
20170822043,5.83921650808319
20170822044,3.9894820314384174
20170822051,40.701761696616
20170822052,15.75343026885617
20170822053,5.209126201843494
20170822054,4.1357548987702355
20170822061,46.09510393007848
20170822062,16.98545656255943
20170822063,5.3184624560747915
20170822064,4.178131792449829
20170822071,50.572812009895905
20170822072,19.38591966930048
20170822073,5.675627565017286
20170822074,4.802046069632521
20170822081,56.00555352917879
20170822082,21.283697985597186
20170822083,6.168805590899038
20170822084,5.463784643899643
20170822091,67.07396488103001
20170822092,24.32776294091566
20170822093,9.10341061890173
20170822094,5.867145311425406
20170822101,85.94699913674728
20170822102,27.549552890396427
20170822103,11.95651043539449
20170822104,8.050691779835768
20170822111,98.1700914693835
20170822112,33.81797781634341
20170822113,13.66448316707058
20170822114,9.099856246373562
20170822121,104.82118482725193
20170822122,35.850751604911345
20170822123,15.529792959610688
20170822124,9.719589889556248
20170822131,96.14193499209568
20170822132,32.750999628168785
20170822133,14.05051301870245
20170822134,8.836583077751852
20170822141,103.62244899972987
20170822142,37.15914333654931
20170822143,16.07395113698906
20170822144,9.416651243596704
20170822151,101.7957961237495
20170822152,36.38295224406565
20170822153,16.22275945512504
20170822154,9.224216023319984
20170822161,100.1610817879697
20170822162,35.219470870569324
20170822163,16.230120135170356
20170822164,8.970278368882092
20170822171,96.2575559882453
20170822172,35.339557287791706
20170822173,16.424795522581203
20170822174,8.917991709881925
20170822181,102.62918750617882
20170822182,36.84917385558079
20170822183,16.82734656859296
20170822184,9.053482215458931
20170822191,107.24990771919339
20170822192,37.66852643784204
20170822193,17.02314357643911
20170822194,9.053482215458931
20170822201,105.36899823778897
20170822202,37.030206371967196
20170822203,16.7042575723185
20170822204,8.963103565879672
20170822211,100.79319880733296
20170822212,34.9698198288101
20170822213,16.19614664660868
20170822214,8.725298192207294
20170822221,93.64008662385045
20170822222,33.4660527805499
20170822223,16.027862031771782
20170822224,8.725298192207294
20170822231,86.97276722000092
20170822232,31.624021437010462
20170822233,15.84606404882191
20170822234,8.619858679658405
20170823001,80.67489878420653
20170823002,30.75432610946768
20170823003,13.955021894190303
20170823004,6.924106590896092
20170823011,69.30200930947666
20170823012,25.538345344907317
20170823013,9.9456761322281
20170823014,5.674298961789207
20170823021,58.048092342943384
20170823022,21.561213084929154
20170823023,8.240194663391794
20170823024,4.861721419057159
20170823031,52.19263889245619
20170823032,18.465697900960066
20170823033,6.890415921956579
20170823034,4.445940909616483
20170823041,45.54840639551158
20170823042,16.03001524151477
20170823043,5.8651524107168145
20170823044,3.9919743441056315
20170823051,42.67444210078866
20170823052,15.997486263869916
20170823053,5.124463413226721
20170823054,4.083376208505701
20170823061,45.88106177944485
20170823062,16.750055837229304
20170823063,5.233799667458018
20170823064,4.1257531021852945
20170823071,52.91645123512808
20170823072,19.279901190489877
20170823073,5.623248874752751
20170823074,4.749667379367986
20170823081,59.19437908403649
20170823082,21.177679506786582
20170823083,6.044350283578435
20170823084,5.2829388478935515
20170823091,71.5593087164828
20170823092,24.514415906911264
20170823093,9.064865044827236
20170823094,5.742690004104803
20170823101,94.43846615890982
20170823102,28.992663612390277
20170823103,11.715210788500393
20170823104,8.002506611970128
20170823111,115.60333426643072
20170823112,34.74655442896462
20170823113,13.62953954567546
20170823114,8.906664912469475
20170823121,113.49792524317255
20170823122,36.071903490771845
20170823123,15.650502876474334
20170823124,9.773019969043773
20170823131,104.18075859941128
20170823132,32.322368009279195
20170823133,14.042910220024334
20170823134,8.72243183387503
20170823141,112.20155167189533
20170823142,36.07986887468445
20170823143,16.291554101312478
20170823144,9.353453395831679
20170823151,110.92613362252357
20170823152,35.30772038883718
20170823153,16.31956732999525
20170823154,9.16101817555496
20170823161,106.75035603063833
20170823162,34.9430380560321
20170823163,16.268250145018797
20170823164,8.907080521117066
20170823171,109.99413215048162
20170823172,35.06819957330178
20170823173,17.206236234890586
20170823174,8.8547938621169
20170823181,112.4601358803746
20170823182,36.88834187610905
20170823183,17.777560002372738
20170823184,8.990284367693906
20170823191,113.80849066744524
20170823192,37.49687362101967
20170823193,18.188527408384264
20170823194,8.990284367693906
20170823201,110.21398887971611
20170823202,35.74237605797199
20170823203,17.10065076021443
20170823204,8.899905718114647
20170823211,102.95922309452651
20170823212,34.32284633895281
20170823213,16.486485841494122
20170823214,8.611146948330472
20170823221,96.94198664366694
20170823222,33.452443870391726
20170823223,16.16431751755447
20170823224,8.611146948330472
20170823231,91.08270513598174
20170823232,31.427388599823967
20170823233,15.817680419922961
20170823234,8.512563368201665
20170824001,84.08013787511474
20170824002,29.89422977346378
20170824003,13.501435062501436
20170824004,6.896336496781583
20170824011,72.94892024645169
20170824012,24.89104651637622
20170824013,9.889581747967819
20170824014,5.631275743746529
20170824021,61.50569067146208
20170824022,21.238012805098176
20170824023,8.184100279131513
20170824024,4.83395132494265
20170824031,54.07565071842774
20170824032,17.741710978624635
20170824033,6.846611606343281
20170824034,4.418170815501973
20170824041,45.4889612065393
20170824042,15.80021956207346
20170824043,5.821348095103517
20170824044,3.9642042499911208
20170824051,42.706765774332
20170824052,16.12342055547167
20170824053,5.080659097613423
20170824054,4.055606114391192
20170824061,45.69888900373152
20170824062,16.64426206791622
20170824063,5.18999535184472
20170824064,4.097983008070785
20170824071,53.35201806621203
20170824072,19.211825413896346
20170824073,5.5794445591394535
20170824074,4.721897285253477
20170824081,59.29895971461259
20170824082,21.14533511250792
20170824083,6.036277350280007
20170824084,5.290900136093912
20170824091,71.35653508789841
20170824092,24.40648426560692
20170824093,8.679679506065554
20170824094,5.750651292305164
20170824101,95.61707729859675
20170824102,28.287184037742794
20170824103,11.707137855201967
20170824104,8.01046790017049
20170824111,113.99166070991978
20170824112,33.715993551448584
20170824113,13.546947272039949
20170824114,8.849594448296742
20170824121,112.97602460336581
20170824122,35.35793946864125
20170824123,15.637003167308372
20170824124,9.7681184655029
20170824131,101.74696280648497
20170824132,31.752105154656057
20170824133,13.960317946388823
20170824134,8.751271102948404
20170824141,110.78540222120245
20170824142,35.580184204195284
20170824143,16.261406116123283
20170824144,9.296382931658945
20170824151,109.56567731213185
20170824152,34.97261118908651
20170824153,16.220396976635705
20170824154,9.103947711382226
20170824161,104.97777097757206
20170824162,34.6689525600983
20170824163,16.2381021598296
20170824164,8.850010056944333
20170824171,106.88023767751557
20170824172,34.79411407736798
20170824173,17.10706588153104
20170824174,8.797723397944166
20170824181,111.56614436184448
20170824182,36.59304907556277
20170824183,19.243988452475346
20170824184,8.933213903521173
20170824191,112.19538365579797
20170824192,37.20158082047338
20170824193,18.841719944488602
20170824194,8.933213903521173
20170824201,106.82676772611389
20170824202,35.39592618338473
20170824203,17.442786786731443
20170824204,8.842835253941914
20170824211,102.66876153614362
20170824212,34.07034032916316
20170824213,16.629389476158284
20170824214,8.639986217403846
20170824221,95.5751876309939
20170824222,33.376254378675675
20170824223,16.304202061266526
20170824224,8.639986217403846
20170824231,91.57557850523307
20170824232,30.987231926176495
20170824233,15.747630060497295
20170824234,8.547068727505547
20170825001,82.42837448253202
20170825002,28.91695059970735
20170825003,13.390007649030553
20170825004,6.900886048927035
20170825011,69.0743736508523
20170825012,23.58201332445858
20170825013,9.714934576524557
20170825014,5.617012899392148
20170825021,58.126942162265394
20170825022,20.588867004285852
20170825023,8.15424309071367
20170825024,4.819688480588269
20170825031,51.73426972111008
20170825032,17.429217790184637
20170825033,6.798347199505001
20170825034,4.403907971147593
20170825041,44.93565688099298
20170825042,15.458517116507773
20170825043,5.791490906685682
20170825044,3.949941405636741
20170825051,40.92821493283674
20170825052,15.174381174730517
20170825053,5.025133222682139
20170825054,4.015674583523362
20170825061,45.180724839238685
20170825062,15.997718987926179
20170825063,5.088655370873763
20170825064,4.053929448283542
20170825071,51.26589184920569
20170825072,18.34523415276735
20170825073,5.478104578168496
20170825074,4.677843725466234
20170825081,56.9315360033221
20170825082,20.663290546141756
20170825083,5.76227577151758
20170825084,5.246846576306669
20170825091,68.0930504728646
20170825092,24.236006799256444
20170825093,8.119980048137851
20170825094,5.7065977325179205
20170825101,88.22901417696197
20170825102,27.720986511031427
20170825103,11.004969677358233
20170825104,7.924722263262986
20170825111,104.19003927344336
20170825112,32.208585127865305
20170825113,12.740601730434578
20170825114,8.737454608334183
20170825121,105.92090534622275
20170825122,33.93264641668821
20170825123,15.094957663219835
20170825124,9.633512538807768
20170825131,94.71065182877324
20170825132,30.391170596662676
20170825133,12.84391203888822
20170825134,8.634240811474836
20170825141,100.91266523648638
20170825142,33.98952916889547
20170825143,15.369914832255676
20170825144,9.17935264018538
20170825151,96.64980861305675
20170825152,33.77381320554421
20170825153,15.838311460758668
20170825154,8.986917419908659
20170825161,94.44852252697572
20170825162,32.35922598856823
20170825163,15.534030664880497
20170825164,8.676009520183838
20170825171,91.65405191507251
20170825172,31.885243624134148
20170825173,16.16743791219035
20170825174,8.647956466378863
20170825181,94.15717076787384
20170825182,34.537151112102016
20170825183,18.375638722588985
20170825184,8.853898147378132
20170825191,94.80050521649707
20170825192,35.9773821577861
20170825193,18.411246586702177
20170825194,8.853898147378132
20170825201,92.92979541752918
20170825202,34.43508849581442
20170825203,16.721445397187303
20170825204,8.797719837357025
20170825211,84.61410207602503
20170825212,32.54158406408713
20170825213,16.30432839378895
20170825214,8.578189876630336
20170825221,82.45134258400991
20170825222,31.165527020999125
20170825223,15.915966726522251
20170825224,8.578189876630336
20170825231,79.51202828760367
20170825232,29.10622519150475
20170825233,15.651836904252212
20170825234,8.524394953116396
20170826001,72.5453455330913
20170826002,27.87052120702656
20170826003,12.821955013017194
20170826004,6.7438420204118685
20170826011,61.130664040411254
20170826012,22.11626350013207
20170826013,9.382525098773254
20170826014,5.459968870876982
20170826021,52.365319064673066
20170826022,18.612142177945536
20170826023,7.845496871174662
20170826024,4.600152864198671
20170826031,45.88694403876031
20170826032,15.624071505450175
20170826033,6.618994212417426
20170826034,4.229883308782333
20170826041,39.06894573567327
20170826042,13.762828402723757
20170826043,5.463973259659989
20170826044,3.8222380505434854
20170826051,35.20783231668449
20170826052,13.310640301471304
20170826053,4.712511489529772
20170826054,3.9038871527251113
20170826061,39.15504760984144
20170826062,14.230045669006554
20170826063,4.644321632862918
20170826064,3.953433755882348
20170826071,43.05132717313422
20170826072,15.629144810291491
20170826073,5.043341507158877
20170826074,4.503765364138328
20170826081,46.978330915970396
20170826082,17.688700616315344
20170826083,5.355213290250492
20170826084,5.004229458829184
20170826091,51.42982508962079
20170826092,20.590742702398238
20170826093,7.289230313914052
20170826094,5.33998272934817
20170826101,57.879334903433126
20170826102,23.987843426801565
20170826103,8.581198588546178
20170826104,6.868241425076636
20170826111,67.7078192700802
20170826112,26.581696252744088
20170826113,9.93056232580506
20170826114,7.05658447241423
20170826121,70.39028145667326
20170826122,28.139917066276286
20170826123,11.2756997703351
20170826124,7.925989491223787
20170826131,62.99582564057295
20170826132,24.62767990607319
20170826133,10.49297315621755
20170826134,6.9475663161946795
20170826141,65.82017052013504
20170826142,26.1029372763935
20170826143,10.612525457274758
20170826144,7.187496965896646
20170826151,65.33419563599675
20170826152,26.75604624345064
20170826153,11.870059085114653
20170826154,7.113502488021126
20170826161,64.20397174350215
20170826162,26.65137426456111
20170826163,12.430515405477449
20170826164,6.968519126616122
20170826171,64.1431345638676
20170826172,26.734459966290324
20170826173,12.662451898265338
20170826174,7.00085540859761
20170826181,70.09585610591735
20170826182,29.775603685472426
20170826183,15.273263745520978
20170826184,7.21242740886833
20170826191,73.53523551943164
20170826192,30.80780877108983
20170826193,17.09417534021814
20170826194,7.21242740886833
20170826201,75.0962761940925
20170826202,31.56252198698452
20170826203,19.630972988015092
20170826204,7.511080567532499
20170826211,72.25918249914032
20170826212,31.079223990180772
20170826213,17.665902509999952
20170826214,7.153504636707891
20170826221,70.30563487641022
20170826222,29.275819950778708
20170826223,16.803754111066358
20170826224,7.731638745520289
20170826231,68.27756312474436
20170826232,28.192607025362946
20170826233,16.574659905448108
20170826234,7.238556331504813
20170827001,60.8859950354436
20170827002,25.298889428051442
20170827003,13.84495297491737
20170827004,5.996573859300575
20170827011,52.02010311635372
20170827012,20.360036011793838
20170827013,9.528417415129946
20170827014,4.56025663367809
20170827021,45.862591822166024
20170827022,16.768742699330254
20170827023,7.997341753609083
20170827024,4.3176049625904405
20170827031,39.22126806910519
20170827032,14.519980083127615
20170827033,6.663444537924639
20170827034,3.8381539748384927
20170827041,33.40555878752086
20170827042,12.525498895977634
20170827043,5.564842121306042
20170827044,3.7877857647917565
20170827051,30.568943851681656
20170827052,11.752266932684549
20170827053,4.802472784849585
20170827054,3.832282419496683
20170827061,31.99210319752814
20170827062,13.004889164156104
20170827063,4.841053078728663
20170827064,3.9662273105349386
20170827071,36.106881155992134
20170827072,14.821497835773702
20170827073,5.103495992482806
20170827074,4.516558918790919
20170827081,39.73736043056798
20170827082,16.48130472585491
20170827083,5.339086063662975
20170827084,5.017023013481775
20170827091,46.40744840600357
20170827092,19.17169117425981
20170827093,6.656044984010017
20170827094,5.296385795315272
20170827101,51.932675303024084
20170827102,21.45786539958445
20170827103,7.849834936111764
20170827104,6.215034143310072
20170827111,59.07130634162686
20170827112,24.413241874273726
20170827113,8.851122840202605
20170827114,6.251960630215146
20170827121,61.46723250521246
20170827122,24.620972134873615
20170827123,10.039753982590069
20170827124,7.08263989827458
20170827131,54.1947539704022
20170827132,23.37235529184081
20170827133,9.187548684325874
20170827134,6.193520035429361
20170827141,56.804607923634805
20170827142,23.05213620234669
20170827143,9.529365643362434
20170827144,5.939453383247589
20170827151,57.89100003322189
20170827152,23.845102570915046
20170827153,10.214388631978427
20170827154,6.0503128887562605
20170827161,57.87823839222608
20170827162,24.71326206298891
20170827163,10.250136406158802
20170827164,5.914221672332877
20170827171,58.9510812191564
20170827172,25.365627297189615
20170827173,10.62324772999295
20170827174,5.955882147549022
20170827181,63.21869669033555
20170827182,27.596078303865493
20170827183,12.019269015113922
20170827184,6.14180519093409
20170827191,68.24542636160102
20170827192,28.671236504675555
20170827193,13.207578267913263
20170827194,6.14180519093409
20170827201,69.75051875010872
20170827202,29.704558810066374
20170827203,14.094451798881892
20170827204,6.779147191685983
20170827211,67.819290294362
20170827212,29.43591019251734
20170827213,14.13988511886466
20170827214,6.507402175920519
20170827221,67.13012807910775
20170827222,28.891262666939006
20170827223,14.291157870922566
20170827224,6.933336618211066
20170827231,65.77599415933277
20170827232,28.580953382731643
20170827233,14.286879973817385
20170827234,6.669842622916083
20170828001,61.66097196500361
20170828002,27.01556081184948
20170828003,12.165159893944098
20170828004,5.607575864831251
20170828011,54.54283251647318
20170828012,23.213168318510085
20170828013,9.270150950866556
20170828014,4.49482830653576
20170828021,46.11797943346028
20170828022,19.792343003056928
20170828023,7.7885793293871455
20170828024,4.012366263759038
20170828031,41.30327535068013
20170828032,17.176060465364404
20170828033,6.7820176720227
20170828034,3.967112713680902
20170828041,35.877445705830986
20170828042,15.827183957212815
20170828043,5.673965343333993
20170828044,3.872422346679823
20170828051,34.68350818117028
20170828052,15.328844231477202
20170828053,5.108157985776017
20170828054,4.059284418172585
20170828061,39.45393780960072
20170828062,16.834345902285026
20170828063,5.253596177176153
20170828064,4.2165376917270905
20170828071,44.1020836374536
20170828072,18.898398512754003
20170828073,5.672232254468214
20170828074,4.886669813331181
20170828081,50.486253282781455
20170828082,20.72373302301754
20170828083,6.086948302686708
20170828084,5.563661511526472
20170828091,60.032877334044585
20170828092,24.86495056506248
20170828093,8.200223340321795
20170828094,6.170880431874917
20170828101,79.69994835636258
20170828102,30.13071619610041
20170828103,11.057612551048761
20170828104,8.186582694904326
20170828111,97.11446741209477
20170828112,36.59919789248707
20170828113,12.682553291877554
20170828114,9.188306091265707
20170828121,104.23519448939795
20170828122,37.303065139657015
20170828123,14.650109107774213
20170828124,9.38780383422201
20170828131,92.42874727985391
20170828132,34.53041834982093
20170828133,13.14761080633376
20170828134,8.185442634210371
20170828141,100.01930466194855
20170828142,38.09990358860768
20170828143,14.522162014117049
20170828144,8.833687483284617
20170828151,95.5925427193626
20170828152,38.09395567252908
20170828153,15.152014633927907
20170828154,8.690788994809953
20170828161,92.6439341815561
20170828162,36.685910190948015
20170828163,14.601611650884076
20170828164,8.480800822273977
20170828171,92.66005749801234
20170828172,35.95292743559868
20170828173,14.971776045133321
20170828174,8.43951287491401
20170828181,96.58768169981614
20170828182,36.687069870413055
20170828183,15.275193332993679
20170828184,8.366508388671063
20170828191,104.12067431860055
20170828192,38.407381011024455
20170828193,15.353360972036853
20170828194,8.265814066777766
20170828201,103.07029097312675
20170828202,36.81550437259904
20170828203,15.094448544472165
20170828204,8.227073127461576
20170828211,94.10235554814099
20170828212,34.815598554248574
20170828213,14.87680995320735
20170828214,7.969006837116757
20170828221,86.63856561598313
20170828222,34.27460649528278
20170828223,14.813547593699708
20170828224,7.895611979967411
20170828231,82.95253943775357
20170828232,32.04963808238089
20170828233,14.631749610749862
20170828234,7.863567324567866
20170829001,77.21130087426984
20170829002,29.87009411039984
20170829003,12.36978150019363
20170829004,6.186622062179085
20170829011,66.70018710663398
20170829012,24.674038473645
20170829013,9.252180889183297
20170829014,4.852520679001687
20170829021,57.33601281729623
20170829022,21.28329268988805
20170829023,7.834027736524387
20170829024,4.506926631093379
20170829031,51.512497632221866
20170829032,17.784229184715567
20170829033,6.729060085698898
20170829034,4.2652338260072185
20170829041,44.83795891495818
20170829042,15.973847267754882
20170829043,5.621007757010191
20170829044,3.9326914888138216
20170829051,41.00323165721101
20170829052,15.959206072100683
20170829053,5.049063481042999
20170829054,4.07896435614564
20170829061,45.42961478496146
20170829062,16.872453635129986
20170829063,5.158399735274296
20170829064,4.1213412498252335
20170829071,49.96127113164216
20170829072,19.272916741871036
20170829073,5.587208456830448
20170829074,4.7452555270079255
20170829081,55.314282565575226
20170829082,21.17069505816774
20170829083,6.001924505048942
20170829084,5.406994101275048
20170829091,65.11108143732062
20170829092,24.20518090938623
20170829093,8.530856393772176
20170829094,5.810354768800811
20170829101,83.87438221069877
20170829102,27.51932647824157
20170829103,11.630063027710543
20170829104,7.993901237211172
20170829111,98.02862287643592
20170829112,33.69773334155169
20170829113,13.463980760055371
20170829114,9.009023349436095
20170829121,104.45779565460671
20170829122,35.83146345044091
20170829123,15.150061054942512
20170829124,9.628756992618781
20170829131,92.87759457844412
20170829132,33.55037633603655
20170829133,13.256732266406564
20170829134,8.745750180814385
20170829141,101.64207694475625
20170829142,36.274053514538615
20170829143,15.201388928699044
20170829144,9.325818346659236
20170829151,101.14294814089888
20170829152,35.43899024223701
20170829153,15.717230788700437
20170829154,9.133383126382517
20170829161,98.84690527291903
20170829162,34.809444571231445
20170829163,15.469920238109188
20170829164,8.844489134810313
20170829171,94.03397275584908
20170829172,34.66133281705477
20170829173,15.929228469109507
20170829174,8.816436081005339
20170829181,99.77975636395186
20170829182,36.37545079457731
20170829183,15.877206112231955
20170829184,8.951926586582346
20170829191,103.19247609795876
20170829192,37.23731156589244
20170829193,16.26772297196236
20170829194,8.951926586582346
20170829201,101.26212082003735
20170829202,35.722019052437716
20170829203,15.99884560182611
20170829204,8.856903675994433
20170829211,96.72352941783213
20170829212,33.83456102794317
20170829213,15.651482671381531
20170829214,8.654054639456366
20170829221,90.00769111535668
20170829222,33.226822684494934
20170829223,15.651482671381531
20170829224,8.654054639456366
20170829231,85.1269648505619
20170829232,31.335275132373123
20170829233,15.469684688431686
20170829234,8.548615126907476
20170830001,78.5024585066085
20170830002,29.907948925119328
20170830003,12.619434794081405
20170830004,6.77910658668776
20170830011,67.5166467523091
20170830012,24.706732915796913
20170830013,9.777525228258325
20170830014,5.617508419164611
20170830021,57.06663457752265
20170830022,21.54830595668282
20170830023,8.13948548655797
20170830024,4.804930876432564
20170830031,51.625924372145505
20170830032,18.31277094612676
20170830033,6.783589595349295
20170830034,4.389150366991887
20170830041,45.23905628039774
20170830042,15.87708828668147
20170830043,5.776733302529976
20170830044,3.935183801481035
20170830051,42.15697070221729
20170830052,16.143243534837662
20170830053,5.036044305039883
20170830054,4.026585665881106
20170830061,45.43765315459581
20170830062,16.63705290979986
20170830063,5.14538055927118
20170830064,4.068962559560699
20170830071,51.33809221512164
20170830072,19.157319158960444
20170830073,5.534829766565913
20170830074,4.692876836743391
20170830081,56.38038037839356
20170830082,21.05509747525715
20170830083,5.877469197728339
20170830084,5.226148305268956
20170830091,67.2130385281078
20170830092,24.39183387538183
20170830093,8.513423597931032
20170830094,5.685899461480208
20170830101,89.75335929900093
20170830102,28.13958848310855
20170830103,11.626791680313554
20170830104,7.945716069345533
20170830111,111.56481333640512
20170830112,33.44854599672604
20170830113,13.408991760817669
20170830114,8.815832015532008
20170830121,111.62502349889014
20170830122,35.16652605540571
20170830123,15.045565208804614
20170830124,9.682187072106306
20170830131,101.90982385865043
20170830132,31.918110591513358
20170830133,13.229084089885866
20170830134,8.631598936937563
20170830141,110.47772820606592
20170830142,35.573170493746154
20170830143,15.19378613002093
20170830144,9.262620498894211
20170830151,108.66330038095484
20170830152,34.790730597570835
20170830153,15.987278041470187
20170830154,9.070185278617492
20170830161,104.71173732183439
20170830162,34.412013460970805
20170830163,15.42028785043252
20170830164,8.730337890933491
20170830171,105.2789273678802
20170830172,34.10974291324239
20170830173,16.1417504736416
20170830174,8.702284837128516
20170830181,109.34106427419962
20170830182,35.683078736881825
20170830183,16.22133269392079
20170830184,8.837775342705523
20170830191,109.23694085017983
20170830192,36.46378700202475
20170830193,16.429579160595598
20170830194,8.837775342705523
20170830201,104.6962098733886
20170830202,34.97622434041918
20170830203,16.16034962684992
20170830204,8.74275243211761
20170830211,99.39155539816623
20170830212,33.57032644910936
20170830213,15.81298669640534
20170830214,8.539903395579543
20170830221,90.44624421061582
20170830222,32.876240498621875
20170830223,15.81298669640534
20170830224,8.539903395579543
20170830231,86.7559052681769
20170830232,30.726208363787205
20170830233,15.35353866200763
20170830234,8.434463883030654
20170831001,80.51523323606499
20170831002,29.25632889851707
20170831003,12.87175084688297
20170831004,6.693048637589654
20170831011,69.78043887305297
20170831012,23.884445857270368
20170831013,9.767117153773173
20170831014,5.461634465811776
20170831021,58.60682170104111
20170831022,20.81526983104512
20170831023,8.129077412072817
20170831024,4.651127640448379
20170831031,52.46689142489249
20170831032,17.58892673170404
20170831033,6.773181520864142
20170831034,4.316505060939724
20170831041,45.2092808908214
20170831042,15.745955533638195
20170831043,5.766325228044823
20170831044,3.9088598027008756
20170831051,42.12746395733393
20170831052,16.05201329249333
20170831053,5.0256362305547295
20170831054,4.0161775913959525
20170831061,45.37345504973383
20170831062,16.57285480493788
20170831063,5.134972484786027
20170831064,4.058554485075546
20170831071,51.46682003758459
20170831072,19.107008288497077
20170831073,5.5005909337598204
20170831074,4.658638003937298
20170831081,56.36580089024506
20170831082,21.04051798710865
20170831083,5.878961747237116
20170831084,5.227640854777733
20170831091,66.379560113411
20170831092,24.377254387233332
20170831093,8.600825880685917
20170831094,5.687392010988985
20170831101,89.53732744786961
20170831102,27.962670283988547
20170831103,11.62828422982233
20170831104,7.94720861885431
20170831111,111.48187906155088
20170831112,33.043474258323705
20170831113,13.379494912266221
20170831114,8.78633516698056
20170831121,111.11188255830535
20170831122,34.86909610095806
20170831123,15.016068360253167
20170831124,9.704859184186718
20170831131,99.89539398444154
20170831132,31.76189144348126
20170831133,13.199587241334418
20170831134,8.688011821632223
20170831141,107.05483301181752
20170831142,35.52566592797687
20170831143,15.164289281469483
20170831144,9.233123650342764
20170831151,106.39410493017388
20170831152,34.74322603180155
20170831153,15.974429468941965
20170831154,9.040688430066044
20170831161,103.80429321553909
20170831162,34.12689763950552
20170831163,15.390791001881071
20170831164,8.786750775628152
20170831171,104.80988784491348
20170831172,33.60928446282325
20170831173,16.112253625090155
20170831174,8.758697721823177
20170831181,109.29309436583455
20170831182,35.63557417111254
20170831183,16.600340874665893
20170831184,8.894188227400184
20170831191,109.25950255135652
20170831192,36.1906832617001
20170831193,17.026873261925832
20170831194,8.894188227400184
20170831201,104.57520283785097
20170831202,34.678794385971536
20170831203,16.365786974906833
20170831204,8.799165316812271
20170831211,99.22072461332154
20170831212,33.52282188334007
20170831213,15.810394657357314
20170831214,8.596316280274204
20170831221,90.27541342577112
20170831222,32.82873593285259
20170831223,15.876588000684341
20170831224,8.596316280274204
20170831231,85.54286993983935
20170831232,30.702377605466264
20170831233,15.329707903686689
20170831234,8.46158652082151
20170901001,79.62588708475612
20170901002,28.90946299230566
20170901003,12.45758226417468
20170901004,6.827847939412204
20170901011,68.26388870878523
20170901012,23.50443003219405
20170901013,9.410177885784627
20170901014,5.433021420865268
20170901021,57.81389512592124
20170901022,20.650760960118728
20170901023,7.890864351228602
20170901024,4.67890508418736
20170901031,52.01497328268167
20170901032,17.491111746017513
20170901033,6.785896700403118
20170901034,4.344282504678705
20170901041,44.81193154150367
20170901042,15.14456507971974
20170901043,5.657254282824249
20170901044,3.936637246439855
20170901051,40.96782007449149
20170901052,14.79673576106005
20170901053,4.977947867636571
20170901054,3.975547974551186
20170901061,45.20417739234489
20170901062,15.976405616764243
20170901063,5.041470015828195
20170901064,4.013802839311368
20170901071,50.2407711331356
20170901072,17.67737923433972
20170901073,5.359275610509271
20170901074,4.63771711649406
20170901081,56.026013684544864
20170901082,20.587318534445178
20170901083,5.636628438808755
20170901084,5.206719967334495
20170901091,65.9562058465969
20170901092,24.160034787559866
20170901093,7.952340874643838
20170901094,5.666471123545747
20170901101,86.05341077152258
20170901102,27.64501449933485
20170901103,10.96067341649841
20170901104,7.884595654290812
20170901111,100.68050311757287
20170901112,32.1461995316829
20170901113,12.552490042331224
20170901114,8.698215408226469
20170901121,103.31822238484303
20170901122,34.003037827751754
20170901123,14.782722124608844
20170901124,9.594273338700054
20170901131,92.47995662740671
20170901132,30.461562007726233
20170901133,12.766573987547229
20170901134,8.595001611367122
20170901141,100.15993052583042
20170901142,34.05992057995902
20170901143,15.070492791918037
20170901144,9.140113440077666
20170901151,94.56814593990936
20170901152,33.844204616607755
20170901153,15.833187747892119
20170901154,8.947678219800945
20170901161,93.1962873783351
20170901162,32.04030336198287
20170901163,15.24981952502469
20170901164,8.636770320076124
20170901171,91.32379742206784
20170901172,31.566320997548832
20170901173,16.027080372168488
20170901174,8.60871726627115
20170901181,95.81303040416684
20170901182,34.25490254774924
20170901183,15.954586321074599
20170901184,8.726950275276264
20170901191,96.7846814345546
20170901192,35.31627877105341
20170901193,16.2016979769036
20170901194,8.726950275276264
20170901201,94.07857054100442
20170901202,34.53171779481851
20170901203,16.159637903531834
20170901204,8.713361901862433
20170901211,84.90754013737666
20170901212,33.43134792367273
20170901213,15.894642658992643
20170901214,8.55354842236296
20170901221,82.34311730534387
20170901222,31.361204930097255
20170901223,15.894642658992643
20170901224,8.55354842236296
20170901231,78.83450189216208
20170901232,28.959892706831084
20170901233,15.253289529093607
20170901234,8.342993676673018
20170902001,71.99193453942954
20170902002,27.553358995335856
20170902003,11.647986063745256
20170902004,6.670803910897038
20170902011,61.07044728398556
20170902012,22.085647013139095
20170902013,8.795430978871826
20170902014,5.204333779736444
20170902021,52.65834614906603
20170902022,18.67403613377841
20170902023,7.710084763782415
20170902024,4.521861055672193
20170902031,45.97402121352127
20170902032,15.685965461283045
20170902033,6.60511711295693
20170902034,4.232495073880456
20170902041,39.00431066899372
20170902042,13.824722358556627
20170902043,5.38788266607106
20170902044,3.824849815641607
20170902051,35.24158564428739
20170902052,13.17855329354701
20170902053,4.665326134484204
20170902054,3.863760543752936
20170902061,39.12971066463458
20170902062,14.20873229784462
20170902063,4.5971362778173495
20170902064,3.913307146910174
20170902071,43.07048275489679
20170902072,15.607831439129557
20170902073,4.9961561521133095
20170902074,4.463638755166154
20170902081,46.8314286468151
20170902082,17.612728604618766
20170902083,5.236384322591267
20170902084,4.647476436958622
20170902091,50.87113677198494
20170902092,20.51477069070166
20170902093,6.914732964537051
20170902094,5.2654038346242675
20170902101,59.6877461532488
20170902102,23.911871415104986
20170902103,8.156900628037352
20170902104,6.756510082876034
20170902111,68.61277299921402
20170902112,26.95110799421581
20170902113,9.237322438435541
20170902114,7.032647521737437
20170902121,70.50971925465495
20170902122,28.193672236238314
20170902123,10.416537167578069
20170902124,7.902052540546994
20170902131,64.18997947817896
20170902132,24.663025146131154
20170902133,9.592872158147285
20170902134,6.908327116086968
20170902141,66.14004233920932
20170902142,26.759365056383828
20170902143,10.235446780011218
20170902144,7.163560015219852
20170902151,65.56607767954029
20170902152,27.914549672929102
20170902153,10.889558404585227
20170902154,7.089565537344333
20170902161,64.55502236638306
20170902162,27.300699024616346
20170902163,11.085406650768103
20170902164,6.9445821759393285
20170902171,64.48270142985798
20170902172,27.64982635349192
20170902173,11.827404570617656
20170902174,6.976918457920816
20170902181,70.59927407055184
20170902182,29.923304843168456
20170902183,13.834331324505673
20170902184,7.160498267424598
20170902191,75.95089290027933
20170902192,32.07965654035341
20170902193,14.90331208239615
20170902194,7.160498267424598
20170902201,77.10770707195147
20170902202,33.997982310199525
20170902203,16.35330702573698
20170902204,7.501741362696042
20170902211,73.2160256377747
20170902212,31.59527704211947
20170902213,15.40262160922907
20170902214,7.128863182440516
20170902221,69.95507171931914
20170902222,30.408412304065813
20170902223,15.638158951657651
20170902224,7.722299540683832
20170902231,67.86429190162211
20170902232,28.45999438709235
20170902233,14.907473438668886
20170902234,7.064010987481524
20170903001,61.348645485542576
20170903002,24.434238407751984
20170903003,11.63260044021798
20170903004,5.999185624398698
20170903011,51.98491333929097
20170903012,19.78195538544188
20170903013,8.913086931217478
20170903014,4.562868398776213
20170903021,45.851680583492445
20170903022,16.70282191431101
20170903023,7.689167409760987
20170903024,4.320216727688563
20170903031,39.15663300242564
20170903032,14.581874038960486
20170903033,6.632586820402311
20170903034,3.8407657399366144
20170903041,33.467452743353725
20170903042,12.566437848998357
20170903043,5.43060549744461
20170903044,3.790397529889878
20170903051,30.602697179284572
20170903052,11.705081577638976
20170903053,4.692795841929585
20170903054,3.792155810524509
20170903061,32.011258779290706
20170903062,12.98357579299417
20170903063,4.637399539915322
20170903064,3.9261007015627647
20170903071,36.1260367377547
20170903072,14.800184464611768
20170903073,5.036419414211282
20170903074,4.450947887577648
20170903081,39.75651601233055
20170903082,16.459991354692978
20170903083,5.22025709600375
20170903084,4.660269991611213
20170903091,45.80248927841178
20170903092,18.780436100343636
20170903093,6.281547634633017
20170903094,5.221806900591369
20170903101,51.921004569007785
20170903102,21.34442415137068
20170903103,7.50212725023126
20170903104,6.10330280110947
20170903111,58.55193419114101
20170903112,24.353459520872534
20170903113,8.149366806347698
20170903114,6.228023679538353
20170903121,61.194238927412606
20170903122,24.61584842200707
20170903123,9.029717361761115
20170903124,7.058702947597787
20170903131,53.901604858523044
20170903132,23.247127155229
20170903133,8.407357062387929
20170903134,6.169583084752568
20170903141,57.42769157553312
20170903142,23.5875230174858
20170903143,8.73152203365775
20170903144,5.915516432570795
20170903151,57.97746070301083
20170903152,24.832543993747198
20170903153,9.265746972214682
20170903154,6.026375938079467
20170903161,57.89891045589114
20170903162,25.242678966034884
20170903163,9.367924784941271
20170903164,5.890284721656084
20170903171,59.16904472411972
20170903172,25.6173518287861
20170903173,9.922947370544673
20170903174,5.9319451968722285
20170903181,63.21393728120551
20170903182,28.186444436177606
20170903183,10.810639240067701
20170903184,6.089876049490357
20170903191,67.46814022441487
20170903192,29.767345731264953
20170903193,11.871863295085012
20170903194,6.089876049490357
20170903201,70.24645690220366
20170903202,30.95872629102939
20170903203,13.03856203775535
20170903204,6.769807986849526
20170903211,68.7789832368152
20170903212,30.254500672571563
20170903213,12.743314759079713
20170903214,6.498062971084062
20170903221,67.11778419500588
20170903222,29.37053653676004
20170903223,13.91530102366316
20170903224,6.784025842175366
20170903231,64.5669358501192
20170903232,28.486541907598845
20170903233,13.675117699232224
20170903234,6.3920593906315935
20170904001,60.7820952327703
20170904002,26.546191165592308
20170904003,11.100576631114045
20170904004,5.217398488956964
20170904011,53.83937143944066
20170904012,23.287208611633552
20170904013,8.546052679134382
20170904014,4.35678446672708
20170904021,45.94061127773914
20170904022,19.882248055554747
20170904023,7.740660089606069
20170904024,3.9169973905061157
20170904031,40.650791256729015
20170904032,17.23024333471001
20170904033,6.679219297353282
20170904034,3.9538085544840174
20170904041,36.027729866737594
20170904042,15.881366826558414
20170904043,5.628443175018603
20170904044,3.875034111777945
20170904051,34.715916268600516
20170904052,15.282692400519377
20170904053,5.080286904791378
20170904054,4.02315678191597
20170904061,39.93816074227834
20170904062,16.62905732900165
20170904063,5.207187830434347
20170904064,4.161872789713309
20170904071,45.81348010174262
20170904072,18.682088700168666
20170904073,5.625823907726408
20170904074,4.781495747143242
20170904081,50.624007957364995
20170904082,20.658287172242584
20170904083,6.040539955944903
20170904084,5.50899660951269
20170904091,59.736085949082806
20170904092,24.755867313054836
20170904093,7.71380803383876
20170904094,6.116215529861135
20170904101,79.2305175031252
20170904102,30.076291584627413
20170904103,10.840421167721487
20170904104,8.131917792890544
20170904111,98.19671925963904
20170904112,36.573917117187634
20170904113,12.326091150644523
20170904114,9.134528598116384
20170904121,104.91688368919502
20170904122,37.143009534129995
20170904123,13.740462509067447
20170904124,9.334026341072688
20170904131,93.558361591578
20170904132,34.29955096179045
20170904133,12.278555917756776
20170904134,8.13166514106105
20170904141,100.90227177532046
20170904142,36.457740740813556
20170904143,13.48045703898201
20170904144,8.779909990135295
20170904151,96.39780941753298
20170904152,36.53123828821494
20170904153,13.794601270431736
20170904154,8.63701150166063
20170904161,95.02037030172995
20170904162,35.69678793785626
20170904163,13.859567194732845
20170904164,8.417357070441325
20170904171,94.70038447891422
20170904172,35.23328329926916
20170904173,13.950589002552332
20170904174,8.306439556404133
20170904181,97.72229690655054
20170904182,36.98268686687602
20170904183,14.270845069498147
20170904184,8.20544287939424
20170904191,104.75431577907676
20170904192,38.440333882374574
20170904193,14.264022288113594
20170904194,8.082980636592437
20170904201,101.65313525766203
20170904202,37.31219557058233
20170904203,14.20573736647789
20170904204,8.086829633883527
20170904211,95.52912392347746
20170904212,35.075066140064166
20170904213,13.916177111305174
20170904214,7.818047242529193
20170904221,89.72916329714175
20170904222,34.534074081098375
20170904223,13.9328253873284
20170904224,7.874329213800916
20170904231,85.35326214853617
20170904232,33.10063054745547
20170904233,13.705341308979833
20170904234,7.683569910604806
20170905001,77.55263458843291
20170905002,29.99507425252832
20170905003,11.036809028094897
20170905004,6.1328433385917185
20170905011,67.20898778522418
20170905012,24.763943526142818
20170905013,8.584119361267433
20170905014,4.85513244409981
20170905021,57.98640457425804
20170905022,21.37319774238587
20170905023,7.774881877306906
20170905024,4.509538396191502
20170905031,52.39034665006773
20170905032,17.874134237213386
20170905033,6.62626171102948
20170905034,4.267845591105341
20170905041,44.95324567504885
20170905042,16.0637523202527
20170905043,5.63187607738029
20170905044,3.9353032539119437
20170905051,41.20164054707035
20170905052,15.985417747716054
20170905053,5.017193427342801
20170905054,4.038837747173466
20170905061,45.79639338260613
20170905062,16.879151360633
20170905063,5.126529681574098
20170905064,4.08121464085306
20170905071,50.22531196411049
20170905072,19.224955826839402
20170905073,5.55533840313025
20170905074,4.705128918035752
20170905081,55.54482840418678
20170905082,21.122734143136107
20170905083,5.970054451348744
20170905084,5.366867492302874
20170905091,65.43248766146142
20170905092,24.157219994354595
20170905093,8.365665010564623
20170905094,5.770228159828637
20170905101,83.01785933455245
20170905102,27.526024203744583
20170905103,11.197707298283182
20170905104,7.953774628238998
20170905111,96.47256641070058
20170905112,33.740134675462436
20170905113,12.346200811442998
20170905114,8.969784149328381
20170905121,103.51888642451284
20170905122,35.8948197871638
20170905123,13.974864872692725
20170905124,9.589517792511067
20170905131,94.83863274681445
20170905132,33.376121417063445
20170905133,11.93582889462857
20170905134,8.706510980706671
20170905141,103.28935552233571
20170905142,35.88439705795088
20170905143,13.914041003005048
20170905144,9.286579146551523
20170905151,102.43917930817462
20170905152,35.252421190281545
20170905153,14.028134395839418
20170905154,9.094143926274803
20170905161,100.03786071758041
20170905162,34.64720173339897
20170905163,13.8047453233579
20170905164,8.8052499347026
20170905171,96.62707500709966
20170905172,34.72468915377766
20170905173,14.139339909441778
20170905174,8.777196880897625
20170905181,102.265314587234
20170905182,36.429894240610636
20170905183,14.196772949984835
20170905184,8.824978714480478
20170905191,104.88476778662802
20170905192,36.606148508818286
20170905193,14.13275051771102
20170905194,8.824978714480478
20170905201,102.12612544866717
20170905202,35.70098095895685
20170905203,13.973903919994111
20170905204,8.772545740499842
20170905211,95.48219533627106
20170905212,33.91257154455632
20170905213,13.770359805616376
20170905214,8.629413185188987
20170905221,90.53175092476349
20170905222,33.69649234813554
20170905223,13.795245049127987
20170905224,8.629413185188987
20170905231,85.56077584697064
20170905232,31.618912903825876
20170905233,13.472924836023498
20170905234,8.494935853264602
20170906001,79.47954972618548
20170906002,30.241441632706465
20170906003,11.384190668180347
20170906004,6.576391648751859
20170906011,68.06069052957962
20170906012,24.768626871629788
20170906013,8.79650709871022
20170906014,5.418263816709563
20170906021,57.87857200066357
20170906022,21.610199912515696
20170906023,7.787685349064873
20170906024,4.664147480031654
20170906031,52.29005417890918
20170906032,18.374664901959637
20170906033,6.636882312317736
20170906034,4.329524900522999
20170906041,45.3607546591091
20170906042,15.93898224251434
20170906043,5.642496678668544
20170906044,3.92187964228415
20170906051,42.35550912364165
20170906052,16.1905397448302
20170906053,5.016999578224275
20170906054,4.014599685138892
20170906061,45.58410222023959
20170906062,16.643880166867888
20170906063,5.126335832455572
20170906064,4.056976578818485
20170906071,51.577936057649076
20170906072,19.109487775493825
20170906073,5.515785039750305
20170906074,4.680890856001177
20170906081,56.988401671885626
20170906082,21.00726609179053
20170906083,5.858424470912731
20170906084,5.214162324526742
20170906091,66.76686062400523
20170906092,24.344002491915212
20170906093,8.45942253398111
20170906094,5.673913480737994
20170906101,88.19066812013813
20170906102,28.019842640702933
20170906103,10.969232978273675
20170906104,7.933730088603319
20170906111,104.96427329357935
20170906112,33.31614347650604
20170906113,12.11772649143349
20170906114,8.804733443654255
20170906121,108.86611237532153
20170906122,35.050898317518715
20170906123,13.93536331407128
20170906124,9.671088500228553
20170906131,100.83540895847646
20170906132,32.05240824230471
20170906133,11.87145524051352
20170906134,8.62050036505981
20170906141,106.10487521199765
20170906142,35.707468144537515
20170906143,13.89921815336894
20170906144,9.251521927016459
20170906151,106.17677161585763
20170906152,34.925028248362196
20170906153,14.085525884677752
20170906154,9.05908670673974
20170906161,105.3843876032366
20170906162,34.546311111762165
20170906163,13.82010722319768
20170906164,8.719239319055738
20170906171,106.2541234926806
20170906172,34.622895386413674
20170906173,14.102532848649702
20170906174,8.691186265250764
20170906181,109.79216607272869
20170906182,36.116506536860086
20170906183,14.159965889192758
20170906184,8.738968098833617
20170906191,108.99201143463858
20170906192,36.5183599796231
20170906193,14.095943456918944
20170906194,8.738968098833617
20170906201,105.39021621960023
20170906202,35.137667866527934
20170906203,13.895468463966251
20170906204,8.68653512485298
20170906211,97.94191840078588
20170906212,33.64846649728754
20170906213,13.691924349588517
20170906214,8.543402569542126
20170906221,91.97190534304251
20170906222,33.2170446719129
20170906223,13.691924349588517
20170906224,8.543402569542126
20170906231,85.9992248917804
20170906232,31.162951581969644
20170906233,13.369604136484025
20170906234,8.380824832903512
20170907001,79.70546984638662
20170907002,29.169290260957634
20170907003,11.373782593695195
20170907004,6.695660402687777
20170907011,68.21853609592814
20170907012,23.946339813103243
20170907013,8.786099024225068
20170907014,5.336212129610752
20170907021,57.61122706342319
20170907022,20.877163786877997
20170907023,7.77727727457972
20170907024,4.653739405546501
20170907031,52.1257784466064
20170907032,17.650820687536914
20170907033,6.626474237832583
20170907034,4.319116826037846
20170907041,45.29655655424712
20170907042,15.807849489471065
20170907043,5.632088604183391
20170907044,3.911471567798997
20170907051,42.29131101877967
20170907052,16.078354499673722
20170907053,5.006591503739122
20170907054,4.004191610653739
20170907061,45.519904115377614
20170907062,16.579682062005908
20170907063,5.115927757970419
20170907064,4.046568504333332
20170907071,51.73049463843296
20170907072,19.0830076633514
20170907073,5.505376965265152
20170907074,4.670482781516024
20170907081,57.41676835502513
20170907082,21.016517361962972
20170907083,5.883747778742448
20170907084,5.239485632356459
20170907091,65.31895984363368
20170907092,24.353253762087654
20170907093,8.484745841810827
20170907094,5.699236788567711
20170907101,85.72712804029076
20170907102,28.029093910875375
20170907103,10.994556286103393
20170907104,7.959053396433036
20170907111,102.21330369668526
20170907112,33.18064766462387
20170907113,12.112060401202983
20170907114,8.799067353423748
20170907121,107.56756198282332
20170907122,35.02722451007037
20170907123,13.929697223840773
20170907124,9.717591370629906
20170907131,100.60907674129368
20170907132,31.92001985259355
20170907133,11.865789150283012
20170907134,8.70074400807541
20170907141,106.54627440054142
20170907142,35.68379433708917
20170907143,13.965766401612875
20170907144,9.245855836785951
20170907151,106.48415310171846
20170907152,34.90135444091385
20170907153,14.079859794447245
20170907154,9.053420616509232
20170907161,105.05025607246345
20170907162,34.52263730431382
20170907163,13.814441132967172
20170907164,8.79948296207134
20170907171,105.79042148214639
20170907172,34.59922157896533
20170907173,14.096866758419194
20170907174,8.771429908266365
20170907181,109.69231095005297
20170907182,36.09283272941174
20170907183,14.138804139723122
20170907184,8.819211741849218
20170907191,108.96833762719024
20170907192,36.49468617217475
20170907193,14.074781707449308
20170907194,8.819211741849218
20170907201,105.36654241215189
20170907202,34.68171658237663
20170907203,13.889802373735744
20170907204,8.766778767868582
20170907211,97.91824459333753
20170907212,33.62479268983919
20170907213,13.68625825935801
20170907214,8.623646212557727
20170907221,92.23877153779166
20170907222,32.930706739351706
20170907223,13.68625825935801
20170907224,8.623646212557727
20170907231,86.19471388466663
20170907232,30.7753105925899
20170907233,13.297389798009583
20170907234,8.380824832903512
20170908001,78.40118157680494
20170908002,28.90946299230566
20170908003,10.770544360464415
20170908004,6.827847939412204
20170908011,67.62232671655491
20170908012,23.50443003219405
20170908013,8.630087655601544
20170908014,5.361377808251611
20170908021,57.40034427205766
20170908022,20.650760960118728
20170908023,7.802442953220577
20170908024,4.67890508418736
20170908031,51.66750438811783
20170908032,17.491111746017513
20170908033,6.651639916473441
20170908034,4.344282504678705
20170908041,44.81193154150367
20170908042,15.14456507971974
20170908043,5.657254282824249
20170908044,3.936637246439855
20170908051,40.96758652748167
20170908052,14.824876389290012
20170908053,5.006088495866531
20170908054,4.003688602781148
20170908061,45.29140829338461
20170908062,16.00454624499421
20170908063,5.069610644058155
20170908064,4.041943467541328
20170908071,49.86529580174875
20170908072,17.70551986256968
20170908073,5.387416238739231
20170908074,4.66585774472402
20170908081,55.5564905572095
20170908082,20.615459162675137
20170908083,5.664769067038715
20170908084,5.234860595564455
20170908091,64.77578684451062
20170908092,24.188175415789825
20170908093,7.859615432493377
20170908094,5.694611751775707
20170908101,83.38348201333798
20170908102,27.673155127564808
20170908103,10.750785745231266
20170908104,7.912736282520772
20170908111,97.11094080235104
20170908112,32.17434015991286
20170908113,11.983835619058254
20170908114,8.72635603645643
20170908121,100.60725628721657
20170908122,34.03117845598172
20170908123,13.727979270857452
20170908124,9.622413966930015
20170908131,90.26201390745256
20170908132,30.489702635956192
20170908133,11.732673916627272
20170908134,8.623142239597083
20170908141,99.59225729681789
20170908142,34.08806120818898
20170908143,13.781624083851119
20170908144,9.168254068307627
20170908151,95.76435328884358
20170908152,33.87234524483772
20170908153,13.895717476685485
20170908154,8.975818848030906
20170908161,93.24630062150167
20170908162,32.457758027861736
20170908163,13.615358158917038
20170908164,8.664910948306085
20170908171,92.26488083636974
20170908172,31.98377566342765
20170908173,13.89778378436906
20170908174,8.63685789450111
20170908181,93.8231801495844
20170908182,34.03729800777999
20170908183,13.969331302311488
20170908184,8.755090903506225
20170908191,94.0127714569804
20170908192,35.09449401060501
20170908193,13.905308870037674
20170908194,8.755090903506225
20170908201,91.91291119181699
20170908202,34.41412349984864
20170908203,13.743678477651788
20170908204,8.741502530092394
20170908211,84.47117093446987
20170908212,32.61966767821538
20170908213,13.523453439085431
20170908214,8.58168905059292
20170908221,81.69182606178947
20170908222,31.243610635127386
20170908223,13.523453439085431
20170908224,8.58168905059292
20170908231,78.65717137717763
20170908232,29.03995434460191
20170908233,13.173707544121363
20170908234,8.377990237323061
20170909001,71.5723887241913
20170909002,27.553358995335856
20170909003,10.432901181223206
20170909004,6.670803910897038
20170909011,61.07044728398556
20170909012,22.085647013139095
20170909013,8.14733014270552
20170909014,5.204333779736444
20170909021,52.2903748757548
20170909022,18.67403613377841
20170909023,7.28493676722423
20170909024,4.521861055672193
20170909031,45.86621126554696
20170909032,15.685965461283045
20170909033,6.160264789354962
20170909034,4.232495073880456
20170909041,39.00431066899372
20170909042,13.824722358556627
20170909043,4.714063080448327
20170909044,3.824849815641607
20170909051,35.26972627251735
20170909052,13.20669392177697
20170909053,4.491822434730534
20170909054,3.8919011719828958
20170909061,39.216941565674304
20170909062,14.23687292607458
20170909063,4.16620038780356
20170909064,3.9414477751401336
20170909071,43.09862338312675
20170909072,15.635972067359518
20170909073,4.673218081693153
20170909074,4.491779383396114
20170909081,46.85956927504506
20170909082,17.640869232848726
20170909083,5.158467931841069
20170909084,4.675617065188582
20170909091,50.899277400214906
20170909092,20.54291131893162
20170909093,6.785359126292473
20170909094,5.293544462854228
20170909101,59.21861622398221
20170909102,23.940012043334946
20170909103,8.097688221793945
20170909104,6.784650711105994
20170909111,68.78801279997666
20170909112,26.97924862244577
20170909113,8.91588817142158
20170909114,7.060788149967397
20170909121,69.8961359906329
20170909122,28.221812864468273
20170909123,9.922000318971964
20170909124,7.930193168776954
20170909131,62.569036688769295
20170909132,24.691165774361114
20170909133,9.435243981970338
20170909134,6.9364677443169285
20170909141,64.64005150307567
20170909142,27.370518767634877
20170909143,9.355406537488282
20170909144,7.1917006434498125
20170909151,65.03788990092708
20170909152,28.05414654630379
20170909153,9.673597916309538
20170909154,7.117706165574293
20170909161,64.34870948043739
20170909162,27.328839652846305
20170909163,10.136969134967623
20170909164,6.972722804169289
20170909171,63.57917655220608
20170909172,27.803524139526274
20170909173,10.375238860989112
20170909174,7.005059086150776
20170909181,69.853604061952
20170909182,29.951445471398415
20170909183,10.782605471342299
20170909184,7.188638895654558
20170909191,75.8409498708542
20170909192,32.57331621852714
20170909193,11.757452805433612
20170909194,7.188638895654558
20170909201,78.50223109401469
20170909202,34.93292290109043
20170909203,12.24420646965635
20170909204,7.529881990926002
20170909211,74.25499310068358
20170909212,32.538929400043045
20170909213,11.936785407676835
20170909214,7.157003810670476
20170909221,71.04465091989059
20170909222,30.622694810193316
20170909223,12.328352477120642
20170909224,7.7504401689137925
20170909231,69.61136247006273
20170909232,28.98445816175409
20170909233,12.186134137900753
20170909234,7.092151615711484
20170910001,62.5565711098026
20170910002,25.232205781528307
20170910003,9.513493402863961
20170910004,5.999185624398698
20170910011,53.04158605922679
20170910012,20.466209407184945
20170910013,7.867282478861009
20170910014,4.562868398776213
20170910021,45.905766703460785
20170910022,16.83063665516313
20170910023,6.982151327253462
20170910024,4.320216727688563
20170910031,39.24145515886422
20170910032,14.581874038960486
20170910033,5.88083260684495
20170910034,3.8407657399366144
20170910041,33.467452743353725
20170910042,12.566437848998357
20170910043,4.685142299208219
20170910044,3.790397529889878
20170910051,30.63083780751453
20170910052,11.733222205868937
20170910053,4.493807719934818
20170910054,3.8202964387544687
20170910061,32.03939940752067
20170910062,13.011716421224131
20170910063,4.180979227660435
20170910064,3.9542413297927244
20170910071,36.154177365984665
20170910072,14.828325092841729
20170910073,4.713481343791125
20170910074,4.479088515807608
20170910081,39.78465664056051
20170910082,16.488131982922937
20170910083,5.142340705253552
20170910084,4.688410619841173
20170910091,45.83062990664174
20170910092,18.808576728573595
20170910093,6.1596215519712905
20170910094,5.2499475288213295
20170910101,51.933810182040695
20170910102,21.37256477960064
20170910103,7.5302678784612205
20170910104,6.13144342933943
20170910111,58.58007481937097
20170910112,24.381600149102493
20170910113,7.99168600296314
20170910114,6.256164307768313
20170910121,61.22237955564257
20170910122,24.64398905023703
20170910123,8.768510103860299
20170910124,7.086843575827747
20170910131,53.929745486753006
20170910132,23.275267783458958
20170910133,8.165328666522145
20170910134,6.197723712982528
20170910141,57.45583220376308
20170910142,23.699600336416083
20170910143,8.425097519633058
20170910144,5.9436570608007555
20170910151,57.91438125232182
20170910152,24.860684621977157
20170910153,8.535696576692084
20170910154,6.054516566309427
20170910161,58.133825359372366
20170910162,25.270819594264843
20170910163,8.725178525654865
20170910164,5.918425349886044
20170910171,59.197185352349685
20170910172,26.26657499694842
20170910173,9.213928886159056
20170910174,5.960085825102189
20170910181,63.24207790943547
20170910182,28.214585064407565
20170910183,9.950546404259617
20170910184,6.118016677720317
20170910191,67.35562425062285
20170910192,30.51236079843943
20170910193,10.695307102060696
20170910194,6.118016677720317
20170910201,70.27459753043362
20170910202,32.167696652048036
20170910203,11.109197951195451
20170910204,6.797948615079486
20170910211,68.4066892788814
20170910212,31.706954085124785
20170910213,11.017803824830757
20170910214,6.4477416216507635
20170910221,67.41235164548283
20170910222,31.09528187182661
20170910223,11.318512209158369
20170910224,6.812166470405326
20170910231,65.02429710142228
20170910232,29.788980971045874
20170910233,11.230802060958753
20170910234,6.341738041198297
20170911001,60.26934772742753
20170911002,27.567680817285837
20170911003,9.556698343669114
20170911004,5.1457548763433065
20170911011,53.26160225190637
20170911012,23.484131611142523
20170911013,7.796317910012519
20170911014,4.35678446672708
20170911021,45.914054413974085
20170911022,20.09494819888601
20170911023,6.917925317301458
20170911024,3.9169973905061157
20170911031,40.5569317822643
20170911032,17.29217857489404
20170911033,5.847754385134386
20170911034,3.9538085544840174
20170911041,36.08966510692163
20170911042,15.943302066742447
20170911043,4.95462358939587
20170911044,3.875034111777945
20170911051,34.82591665913889
20170911052,15.40940959235435
20170911053,4.769551624489703
20170911054,4.0472984374303715
20170911061,39.723823836193624
20170911062,16.90858217496426
20170911063,4.8902130779278306
20170911064,4.204551710984877
20170911071,45.83095364924248
20170911072,18.961613546131275
20170911073,5.621835606741755
20170911074,4.82417466841481
20170911081,51.45796151075642
20170911082,20.786948056394813
20170911083,6.083218877216471
20170911084,5.551675530784258
20170911091,60.77922839767351
20170911092,24.884528197207064
20170911093,7.7564869551103275
20170911094,6.158894451132703
20170911101,80.27801705332074
20170911102,30.20495246877964
20170911103,10.883100088993057
20170911104,8.174596714162112
20170911111,100.39114426550071
20170911112,36.77047431301862
20170911113,12.112655796149618
20170911114,9.177207519387954
20170911121,106.18471634871635
20170911122,37.583837398268386
20170911123,13.783141430339017
20170911124,9.376705262344258
20170911131,96.39837548841165
20170911132,35.81351312676971
20170911133,11.80632170139779
20170911134,8.17434406233262
20170911141,103.78350350065743
20170911142,37.54414048292231
20170911143,13.171020523583339
20170911144,8.822588911406864
20170911151,101.71929323154764
20170911152,37.73156777562071
20170911153,13.694592912860907
20170911154,8.6796904229322
20170911161,99.8297428322872
20170911162,36.89144555761813
20170911163,13.74166185601953
20170911164,8.442139010570406
20170911171,96.91179409695053
20170911172,35.90853741359044
20170911173,13.832683663839017
20170911174,8.331221496533214
20170911181,99.67819160455869
20170911182,36.91192917398418
20170911183,14.038551470975436
20170911184,8.230224819523322
20170911191,105.09879418176726
20170911192,38.70163522618898
20170911193,14.027082609750405
20170911194,8.107762576721518
20170911201,101.85651213572498
20170911202,37.06382814880247
20170911203,13.826607616797713
20170911204,8.111611574012608
20170911211,94.9493996949533
20170911212,35.06392233045201
20170911213,13.514363508781408
20170911214,7.842829182658273
20170911221,90.53756162721034
20170911222,34.49337917093312
20170911223,13.514363508781408
20170911224,7.899111153929995
20170911231,85.78531801566427
20170911232,33.065151080545995
20170911233,13.303527706456066
20170911234,7.7083518507338855
20170912001,78.85137633101363
20170912002,29.99507425252832
20170912003,10.611875577634265
20170912004,6.1328433385917185
20170912011,67.10891015778338
20170912012,24.763943526142818
20170912013,8.463253290887014
20170912014,4.85513244409981
20170912021,57.886326946817235
20170912022,21.37319774238587
20170912023,7.163352915398323
20170912024,4.509538396191502
20170912031,52.29026902262692
20170912032,17.874134237213386
20170912033,5.873934649986923
20170912034,4.267845591105341
20170912041,44.95324567504885
20170912042,16.0637523202527
20170912043,4.901666003072068
20170912044,3.9353032539119437
20170912051,41.22978117530031
20170912052,16.028156121786356
20170912053,4.7755640297711786
20170912054,4.081576121243763
20170912061,45.775744512523026
20170912062,16.921889734703296
20170912063,4.860123546040467
20170912064,4.123953014923356
20170912071,50.25345259234045
20170912072,19.2676942009097
20170912073,5.551409554944326
20170912074,4.747867292106048
20170912081,55.586472534859496
20170912082,21.165472517206403
20170912083,6.012792825419041
20170912084,5.4096058663731705
20170912091,65.86054537185557
20170912092,24.19995836842489
20170912093,8.190354996409265
20170912094,5.812966533898933
20170912101,84.69625815736109
20170912102,27.56876257781488
20170912103,11.069662635768013
20170912104,7.996513002309294
20170912111,98.18609348033137
20170912112,33.78287304953273
20170912113,12.13282490974682
20170912114,9.012522523398678
20170912121,105.07643303088572
20170912122,35.937558161234094
20170912123,13.94230977174645
20170912124,9.632256166581364
20170912131,95.86253706739018
20170912132,33.656471046829736
20170912133,11.515823091700168
20170912134,8.749249354776968
20170912141,103.1903376630224
20170912142,36.87195073976675
20170912143,13.847378722303377
20170912144,9.329317520621819
20170912151,101.8693747061362
20170912152,35.7274370410548
20170912153,13.741407605271586
20170912154,9.1368823003451
20170912161,102.057173970879
20170912162,34.91553928202463
20170912163,13.629502943569225
20170912164,8.847988308772896
20170912171,98.35749912977553
20170912172,35.030091652960806
20170912173,13.800444158242097
20170912174,8.819935254967922
20170912181,103.0240789643445
20170912182,36.59967341554189
20170912183,14.037086960277982
20170912184,8.955425760544928
20170912191,106.44129336726567
20170912192,37.75857282959909
20170912193,13.973064528004167
20170912194,8.955425760544928
20170912201,103.30674798090719
20170912202,36.9013044981217
20170912203,13.729999598444198
20170912204,8.860402849957016
20170912211,96.00423404345717
20170912212,34.63565377460209
20170912213,13.427406873972437
20170912214,8.657553813418948
20170912221,91.22903577805234
20170912222,34.027059779825535
20170912223,13.379131609222682
20170912224,8.657553813418948
20170912231,85.8193305245472
20170912232,32.1311434363748
20170912233,13.057522170134977
20170912234,8.432337844137441
20170913001,79.37947209874469
20170913002,30.241441632706465
20170913003,10.762618266672975
20170913004,6.576391648751859
20170913011,68.04275678433142
20170913012,24.768626871629788
20170913013,8.476056762644978
20170913014,5.346620204095905
20170913021,57.77849437322276
20170913022,21.610199912515696
20170913023,7.194563605576739
20170913024,4.664147480031654
20170913031,52.189976551468376
20170913032,18.374664901959637
20170913033,5.884555251275177
20170913034,4.329524900522999
20170913041,45.3607546591091
20170913042,15.93898224251434
20170913043,4.912286604360322
20170913044,3.92187964228415
20170913051,42.35550912364165
20170913052,16.205137490670538
20170913053,4.747229552422692
20170913054,4.029197430979228
20170913061,45.53531272192653
20170913062,16.658477912708225
20170913063,4.792429554430562
20170913064,4.071574324658822
20170913071,52.366945081309055
20170913072,19.124085521334163
20170913073,5.483715563334421
20170913074,4.695488601841514
20170913081,58.189643606271346
20170913082,21.021863837630868
20170913083,5.700360618961598
20170913084,5.228760070367079
20170913091,69.57201381676714
20170913092,24.35860023775555
20170913093,7.8952069844162605
20170913094,5.68851122657833
20170913101,87.61185958325785
20170913102,28.03444038654327
20170913103,10.841890762331563
20170913104,7.948327834443655
20170913111,106.33156514365155
20170913112,33.330741222346376
20170913113,11.876209961507351
20170913114,8.81933118949459
20170913121,109.28663578605547
20170913122,35.06549606335905
20170913123,13.874667584895043
20170913124,9.685686246068888
20170913131,100.87791565588203
20170913132,32.06700598814504
20170913133,11.423308809355158
20170913134,8.635098110900145
20170913141,107.49792761379693
20170913142,35.94766506493322
20170913143,13.6417254130108
20170913144,9.266119672856794
20170913151,106.68219266484111
20170913152,34.93962599420253
20170913153,13.714153007366464
20170913154,9.073684452580075
20170913161,105.0739298799118
20170913162,34.5609088576025
20170913163,13.197536112328452
20170913164,8.733837064896074
20170913171,105.75382192454815
20170913172,34.63749313225401
20170913173,13.739390165102161
20170913174,8.7057840110911
20170913181,109.79216607272869
20170913182,36.483744258116744
20170913183,13.97213927125594
20170913184,8.841274516668106
20170913191,108.99201143463858
20170913192,36.659998526324394
20170913193,13.828197432128741
20170913194,8.841274516668106
20170913201,105.39021621960023
20170913202,35.46231565117732
20170913203,13.665051909422157
20170913204,8.746251606080193
20170913211,97.5313088258093
20170913212,33.824783015361135
20170913213,13.362459184950396
20170913214,8.543402569542126
20170913221,91.54784842346054
20170913222,33.2170446719129
20170913223,13.314183920200641
20170913224,8.543402569542126
20170913231,86.19471388466663
20170913232,31.162951581969644
20170913233,12.920360142638494
20170913234,8.380824832903512
20170914001,79.70546984638662
20170914002,29.169290260957634
20170914003,10.752210192187823
20170914004,6.695660402687777
20170914011,68.21853609592814
20170914012,23.946339813103243
20170914013,8.465648688159826
20170914014,5.336212129610752
20170914021,57.61122706342319
20170914022,20.877163786877997
20170914023,7.1841555310915854
20170914024,4.653739405546501
20170914031,52.1257784466064
20170914032,17.650820687536914
20170914033,5.874147176790024
20170914034,4.319116826037846
20170914041,45.29655655424712
20170914042,15.807849489471065
20170914043,4.901878529875169
20170914044,3.911471567798997
20170914051,42.29131101877967
20170914052,16.09295224551406
20170914053,4.736821477937539
20170914054,4.018789356494075
20170914061,45.47111461706455
20170914062,16.594279807846245
20170914063,4.782021479945409
20170914064,4.0611662501736685
20170914071,51.58831036323625
20170914072,19.097605409191736
20170914073,5.416917000163779
20170914074,4.6850805273563605
20170914081,58.88590393528126
20170914082,21.03111510780331
20170914083,5.725683926791315
20170914084,5.254083378196795
20170914091,69.08938421992234
20170914092,24.36785150792799
20170914093,7.920530292245977
20170914094,5.713834534408047
20170914101,87.81149354393105
20170914102,28.043691656715712
20170914103,10.86721407016128
20170914104,7.973651142273372
20170914111,104.25469059503615
20170914112,33.1952454104642
20170914113,11.870543871276844
20170914114,8.813665099264083
20170914121,108.70340799167876
20170914122,35.0418222559107
20170914123,13.869001494664536
20170914124,9.732189116470241
20170914131,100.37726680478934
20170914132,31.934617598433885
20170914133,11.36044306823539
20170914134,8.715341753915746
20170914141,104.72046274611802
20170914142,35.6983920829295
20170914143,13.708273661254735
20170914144,9.260453582626287
20170914151,105.84975589920154
20170914152,34.91595218675418
20170914153,13.708486917135957
20170914154,9.068018362349568
20170914161,104.77589958265735
20170914162,34.53723505015415
20170914163,13.191870022097945
20170914164,8.814080707911675
20170914171,104.64749118880805
20170914172,34.61381932480566
20170914173,13.733724074871654
20170914174,8.7860276541067
20170914181,109.07095787136453
20170914182,36.234471276113034
20170914183,13.966473181025433
20170914184,8.921518159683707
20170914191,108.77860756321186
20170914192,36.63632471887605
20170914193,13.822531341898234
20170914194,8.921518159683707
20170914201,104.66476646222333
20170914202,35.21304266917361
20170914203,13.65938581919165
20170914204,8.826495249095794
20170914211,97.88128915762537
20170914212,33.62479268983919
20170914213,13.284578756245446
20170914214,8.623646212557727
20170914221,91.81471461820969
20170914222,33.193370864464555
20170914223,13.236303491495692
20170914224,8.623646212557727
20170914231,86.19471388466663
20170914232,30.7753105925899
20170914233,12.920360142638494
20170914234,8.380824832903512
20170915001,77.53607945880835
20170915002,29.28262692877455
20170915003,10.88138541985889
20170915004,6.939256353677827
20170915011,67.63745101944413
20170915012,23.57460723597053
20170915013,8.552700631118208
20170915014,5.384576760933497
20170915021,57.660097823984906
20170915022,20.720938163895205
20170915023,7.346857348662919
20170915024,4.702104036869246
20170915031,52.02019141612971
20170915032,17.551709845694003
20170915033,6.163055487301577
20170915034,4.367481457360591
20170915041,44.86022270972951
20170915042,15.332892655007251
20170915043,5.06983404645815
20170915044,3.959836199121741
20170915051,41.0442518709473
20170915052,15.133452256554023
20170915053,4.798204734382471
20170915054,4.0414853013033705
20170915061,45.41859008982409
20170915062,16.079742090511044
20170915063,4.797590630350668
20170915064,4.079740166063551
20170915071,49.99247759818823
20170915072,17.844953452721143
20170915073,5.360842537955381
20170915074,4.703654443246243
20170915081,56.043926021477866
20170915082,20.7548927528266
20170915083,5.741253077196574
20170915084,5.272657294086677
20170915091,66.22152126411177
20170915092,24.327609005941287
20170915093,7.936099442651236
20170915094,5.732408450297929
20170915101,84.34802361750502
20170915102,27.81258871771627
20170915103,10.827269755389127
20170915104,7.950532981042994
20170915111,97.16917524053264
20170915112,32.2812558166242
20170915113,11.822058049467131
20170915114,8.782005430996144
20170915121,100.4113553468489
20170915122,34.13809411269307
20170915123,13.747022502016227
20170915124,9.678063361469729
20170915131,90.26154787184926
20170915132,30.596618292667543
20170915133,11.30706679491467
20170915134,8.6787916341368
20170915141,99.02607235645797
20170915142,34.426685307669295
20170915143,13.603870303827996
20170915144,9.22390346284734
20170915151,94.47821349891896
20170915152,33.97926090154907
20170915153,13.604083559709217
20170915154,9.03146824257062
20170915161,91.47170387098768
20170915162,32.56467368457309
20170915163,13.000311669908386
20170915164,8.720560342845799
20170915171,91.81479324780095
20170915172,32.51410377304992
20170915173,13.590146455961344
20170915174,8.668273683845632
20170915181,96.84881499234345
20170915182,34.7158742228757
20170915183,13.837010039514498
20170915184,8.8742153648449
20170915191,98.48761980507143
20170915192,36.00178586661608
20170915193,13.693068200387298
20170915194,8.8742153648449
20170915201,94.35249594810574
20170915202,34.60620483551244
20170915203,13.573411539256176
20170915204,8.822681315832448
20170915211,84.76196318433823
20170915212,33.363028291683975
20170915213,13.181923552121347
20170915214,8.603151355105762
20170915221,82.53554891510953
20170915222,31.292885298108494
20170915223,13.133648287371592
20170915224,8.603151355105762
20170915231,78.92014593178392
20170915232,29.089229007583018
20170915233,12.856827504898757
20170915234,8.399452541835903
20170916001,71.58751302708052
20170916002,27.926522931804747
20170916003,10.572196402387636
20170916004,6.782212325162661
20170916011,61.35356563274364
20170916012,22.155824216915573
20170916013,8.282329301931984
20170916014,5.2275327324183305
20170916021,52.663564282514066
20170916022,18.74421333755489
20170916023,6.763115892272354
20170916024,4.5450600083540795
20170916031,46.07931697441011
20170916032,15.7974421935665
20170916033,5.722263711825025
20170916034,4.255694026562342
20170916041,39.05260183721956
20170916042,13.88532045823312
20170916043,4.7195588560803605
20170916044,3.848048768323494
20170916051,35.339903476293834
20170916052,13.281889767293801
20170916053,4.5683064448883925
20170916054,3.9296978705051195
20170916061,39.22802849664102
20170916062,14.312068771591411
20170916063,4.559310810859806
20170916064,3.979244473662356
20170916071,43.24040292540656
20170916072,15.722035181617372
20170916073,5.100780790501129
20170916074,4.529576081918337
20170916081,47.033531512890654
20170916082,17.78159098764122
20170916083,5.341008960979086
20170916084,5.030040176609193
20170916091,51.302224568947786
20170916092,20.683633073724113
20170916093,6.933447869678761
20170916094,5.365793447128179
20170916101,60.18088181336452
20170916102,24.079445633486408
20170916103,8.174172231951806
20170916104,6.894052142856645
20170916111,70.00841235888105
20170916112,27.140822919691768
20170916113,9.010224877596931
20170916114,7.116437544507111
20170916121,71.10594167899097
20170916122,28.328728521179624
20170916123,10.016337025147319
20170916124,7.985842563316668
20170916131,64.4202167746004
20170916132,24.798081431072465
20170916133,9.058147628291053
20170916134,6.992117138856642
20170916141,66.47344202329188
20170916142,27.477434424346228
20170916143,9.216338483306103
20170916144,7.247350037989526
20170916151,65.89947736362285
20170916152,28.161062203015142
20170916153,9.604108123798666
20170916154,7.173355560114007
20170916161,64.57848538755324
20170916162,27.809084595483302
20170916163,9.995265003982306
20170916164,7.028372198709002
20170916171,64.82070537901629
20170916172,28.47826257784805
20170916173,10.111329793423417
20170916174,7.036474875495299
20170916181,71.4194764967463
20170916182,30.716348369946616
20170916183,10.646360748210652
20170916184,7.248046875766019
20170916191,78.12872000223803
20170916192,34.34415608825879
20170916193,11.413366709635305
20170916194,7.248046875766019
20170916201,81.95729796769214
20170916202,36.43860683994577
20170916203,11.632498118184264
20170916204,7.560757639298099
20170916211,74.23097535278765
20170916212,34.026713504353275
20170916213,11.228817281919007
20170916214,7.1878794590425725
20170916221,70.11447298027898
20170916222,31.167637253471888
20170916223,11.309421684818645
20170916224,7.781315817285889
20170916231,67.97657911923025
20170916232,29.23947186528547
20170916233,11.546844172443555
20170916234,7.12302726408358
20170917001,60.75467466963182
20170917002,25.6053697179972
20170917003,9.231850745211277
20170917004,6.1105940386643205
20170917011,52.113573897010646
20170917012,20.696725859532375
20170917013,7.571723525728853
20170917014,4.586067351458099
20170917021,45.95697634438129
20170917022,17.18122539770318
20170917023,6.646086023253026
20170917024,4.343415680370449
20170917031,39.261928763314486
20170917032,14.787364965095621
20170917033,5.548882250447622
20170917034,3.8639646926185014
20170917041,33.537629947130206
20170917042,12.627035948674852
20170917043,4.747028563525742
20170917044,3.813596482571765
20170917051,31.087117100242185
20170917052,11.808418051385768
20170917053,4.595776152333774
20170917054,3.8580931372766916
20170917061,32.124174357137484
20170917062,13.086912266740962
20170917063,4.599574072957778
20170917064,3.9920380283149473
20170917071,36.29595690826448
20170917072,14.904809102999593
20170917073,5.141044052599101
20170917074,4.542369636570927
20170917081,39.92643618284033
20170917082,16.574195097180784
20170917083,5.324881734391569
20170917084,5.0428337312617835
20170917091,45.97240944892155
20170917092,19.574513938706026
20170917093,6.3077102953575785
20170917094,5.322196513095281
20170917101,52.336757350773574
20170917102,21.575634537710137
20170917103,7.60675188861908
20170917104,6.240844861090081
20170917111,59.75977137700679
20170917112,25.0143171226723
20170917113,8.086022709138488
20170917114,6.311813702308027
20170917121,62.55029623981206
20170917122,25.47639879674963
20170917123,8.862846810035652
20170917124,7.142492970367461
20170917131,55.71882644832262
20170917132,23.721441115024405
20170917133,8.259665372697498
20170917134,6.253373107522242
20170917141,58.66232656783308
20170917142,24.606793222036433
20170917143,8.410652592722931
20170917144,5.999306455340469
20170917151,61.33843033835284
20170917152,25.377735250976194
20170917153,8.630033282867437
20170917154,6.110165960849141
20170917161,59.74769317183117
20170917162,25.51017785181439
20170917163,8.747300893355776
20170917164,5.974074744425757
20170917171,60.70014506102467
20170917172,26.537017712368367
20170917173,9.050627226781687
20170917174,5.991501614446711
20170917181,64.22305849360546
20170917182,29.07437238160634
20170917183,9.884815197320496
20170917184,6.177424657831779
20170917191,69.79998071123417
20170917192,31.689147680973562
20170917193,10.38518842445106
20170917194,6.177424657831779
20170917201,71.62883882020823
20170917202,35.03425710791611
20170917203,10.598769111654024
20170917204,6.828824263451582
20170917211,70.98447868450639
20170917212,33.873996172005846
20170917213,10.172137425697414
20170917214,6.47861727002286
20170917221,70.40595508292299
20170917222,32.545855652275016
20170917223,10.276701726306076
20170917224,6.843042118777422
20170917231,66.36505864515216
20170917232,31.400667520458605
20170917233,10.211946067436232
20170917234,6.372613689570393
20170918001,62.61916601134489
20170918002,28.955481993574114
20170918003,8.830600741265473
20170918004,5.288143115453516
20170918011,55.049867067853256
20170918012,24.341110741148526
20170918013,7.48413085822737
20170918014,4.410963244253553
20170918021,46.60663948729638
20170918022,21.01218609041952
20170918023,6.577799955719606
20170918024,3.9711761680325877
20170918031,41.61303194910657
20170918032,18.023182844842495
20170918033,5.5359617637489125
20170918034,4.007987332010492
20170918041,36.721618043285794
20170918042,16.185126153958258
20170918043,4.816818597863835
20170918044,3.929212889304418
20170918051,35.25952709506431
20170918052,15.911415960931176
20170918053,4.912209322320936
20170918054,4.116074960797181
20170918061,39.94086896470107
20170918062,17.418324079751812
20170918063,5.032870775759063
20170918064,4.273328234351686
20170918071,46.047998777749925
20170918072,19.364456093971516
20170918073,5.713984140398831
20170918074,4.943460355955776
20170918081,51.59318007034267
20170918082,20.876133869393247
20170918083,6.175367410873546
20170918084,5.620452054151067
20170918091,63.093359657435116
20170918092,25.477289114923845
20170918093,7.848635488767403
20170918094,6.227670974499512
20170918101,82.29467033489492
20170918102,30.316660208204883
20170918103,10.975248622650135
20170918104,8.243373237528921
20170918111,102.41306877226621
20170918112,37.04511261483681
20170918113,12.222657025824187
20170918114,9.279138988203174
20170918121,109.7482020840572
20170918122,38.428169390774386
20170918123,13.893142660013586
20170918124,9.478636731159478
20170918131,95.91033350631531
20170918132,36.302624351050056
20170918133,11.91632293107236
20170918134,8.276275531147842
20170918141,105.69484467284344
20170918142,38.56534727155269
20170918143,13.281021753257908
20170918144,8.924520380222084
20170918151,106.95901151326989
20170918152,38.794451896071536
20170918153,13.804594142535477
20170918154,8.78162189174742
20170918161,105.34343104420729
20170918162,37.2700273227289
20170918163,13.8516630856941
20170918164,8.544070479385626
20170918171,102.05109462126727
20170918172,36.598260329072254
20170918173,13.918451288318394
20170918174,8.614246063187263
20170918181,108.60206950922061
20170918182,37.94191825513283
20170918183,14.152311286221755
20170918184,8.719203318410221
20170918191,111.25740971464879
20170918192,40.3746667463697
20170918193,14.08828885394794
20170918194,8.719203318410221
20170918201,104.39921086511028
20170918202,38.469168983113974
20170918203,13.902421756445408
20170918204,8.555429811681616
20170918211,98.1623216055304
20170918212,36.356045157229346
20170918213,13.53762407738032
20170918214,8.416324248748351
20170918221,92.11485575241934
20170918222,34.81318969562079
20170918223,13.53762407738032
20170918224,8.267279516986052
20170918231,86.71189743596283
20170918232,34.397304492700755
20170918233,13.090835955526408
20170918234,7.927596291699531
20170919001,81.25262189833619
20170919002,31.473848144389827
20170919003,10.725466866402883
20170919004,6.275231577701928
20170919011,68.37685961566392
20170919012,25.492061652549605
20170919013,8.238912407136326
20170919014,4.909311221626282
20170919021,57.95990958757029
20170919022,21.422630394515558
20170919023,6.913591708883637
20170919024,4.563717173717975
20170919031,52.41409919317737
20170919032,17.97444552195003
20170919033,5.91835435925953
20170919034,4.322024368631814
20170919041,45.027939931833195
20170919042,16.1131849723824
20170919043,4.9075731782751495
20170919044,3.9894820314384174
20170919051,41.30447543208466
20170919052,16.391338014242162
20170919053,4.853114817587918
20170919054,4.1357548987702355
20170919061,46.01576043129543
20170919062,16.98545656255943
20170919063,4.937674333857206
20170919064,4.178131792449829
20170919071,50.49346851111286
20170919072,19.38591966930048
20170919073,5.628960342761065
20170919074,4.802046069632521
20170919081,55.859007841269616
20170919082,21.283697985597186
20170919083,6.09034361323578
20170919084,5.463784643899643
20170919091,66.53921777869931
20170919092,24.32776294091566
20170919093,8.267905784226004
20170919094,5.867145311425406
20170919101,85.4923400880637
20170919102,27.665872571399785
20170919103,11.147213423584756
20170919104,8.050691779835768
20170919111,98.44830447068911
20170919112,33.902123750212176
20170919113,12.228228393581054
20170919114,9.099856246373562
20170919121,105.68569474562624
20170919122,36.08708774338392
20170919123,14.037713255580684
20170919124,9.719589889556248
20170919131,96.9484606527118
20170919132,33.5668291828694
20170919133,11.611226575534403
20170919134,8.836583077751852
20170919141,104.22406666088723
20170919142,38.46508940185867
20170919143,13.942782206137611
20170919144,9.416651243596704
20170919151,105.24380764568672
20170919152,37.72621148666339
20170919153,13.83681108910582
20170919154,9.224216023319984
20170919161,103.352232917757
20170919162,36.645539149330105
20170919163,13.72490642740346
20170919164,8.970278368882092
20170919171,100.10863269591691
20170919172,36.08104966771228
20170919173,13.87161403688114
20170919174,8.917991709881925
20170919181,104.23500722460548
20170919182,37.24331531926123
20170919183,14.108256838917024
20170919184,9.053482215458931
20170919191,108.89685048574661
20170919192,39.625738610322294
20170919193,14.04423440664321
20170919194,9.053482215458931
20170919201,104.21588269252909
20170919202,37.93398236804409
20170919203,13.805813738091894
20170919204,8.963103565879672
20170919211,97.58527386743947
20170919212,36.00105431493265
20170919213,13.392447376857772
20170919214,8.725298192207294
20170919221,92.65711538220927
20170919222,34.4581988533241
20170919223,13.344172112108014
20170919224,8.725298192207294
20170919231,86.89342372121786
20170919232,32.41500381117526
20170919233,13.162374129158168
20170919234,8.529120042301283
20170920001,80.83886242954287
20170920002,30.91707720473436
20170920003,10.873462676476525
20170920004,6.924106590896092
20170920011,69.2565734566843
20170920012,25.60078580075404
20170920013,8.4912151450285
20170920014,5.602655349175549
20170920021,58.002656490151026
20170920022,21.85756201398127
20170920023,6.960117700407423
20170920024,4.861721419057159
20170920031,52.261103134272844
20170920032,18.532339517737814
20170920033,5.944290261893154
20170920034,4.445940909616483
20170920041,45.46346001255839
20170920042,16.480942083364514
20170920043,4.933509080908774
20170920044,3.9919743441056315
20170920051,42.45821447709094
20170920052,16.542715494306893
20170920053,4.840095641584802
20170920054,4.083376208505701
20170920061,45.80333973736388
20170920062,17.148116821480794
20170920063,4.885295643592672
20170920064,4.1257531021852945
20170920071,52.6919766894094
20170920072,19.279901190489877
20170920073,5.504938039882873
20170920074,4.749667379367986
20170920081,59.14894323124413
20170920082,21.175653353265123
20170920083,5.965888305915177
20170920084,5.2829388478935515
20170920091,71.76860697504186
20170920092,24.514415906911264
20170920093,8.446432550535109
20170920094,5.742690004104803
20170920101,89.72327061215172
20170920102,28.992663612390277
20170920103,11.079585907461874
20170920104,8.002506611970128
20170920111,115.62018427916043
20170920112,34.73296517875883
20170920113,11.986928746686957
20170920114,8.906664912469475
20170920121,113.40483666317789
20170920122,36.058314240566055
20170920123,13.998199868347994
20170920124,9.773019969043773
20170920131,103.72152542215191
20170920132,32.36980246289028
20170920133,11.53678063921518
20170920134,8.72243183387503
20170920141,112.10796095686561
20170920142,37.07970585840198
20170920143,13.949241209372309
20170920144,9.353453395831679
20170920151,110.83254290749385
20170920152,35.4897517114588
20170920153,13.881377251059565
20170920154,9.16101817555496
20170920161,106.60694156630154
20170920162,35.216071684198546
20170920163,13.616669363596289
20170920164,8.907080521117066
20170920171,109.81314063848632
20170920172,35.378298152025714
20170920173,13.87415060983633
20170920174,8.8547938621169
20170920181,112.10106483030434
20170920182,36.935776329720134
20170920183,14.058624451240354
20170920184,8.990284367693906
20170920191,113.44941961737499
20170920192,38.31513480734324
20170920193,13.994602018966539
20170920194,8.990284367693906
20170920201,107.78957424290044
20170920202,36.86294481242394
20170920203,13.756181350415224
20170920204,8.899905718114647
20170920211,100.55090206981106
20170920212,34.80255826926685
20170920213,13.342814989181102
20170920214,8.611146948330472
20170920221,94.14553138257571
20170920222,34.19396427449029
20170920223,13.294539724431344
20170920224,8.611146948330472
20170920231,87.01156773929458
20170920232,31.996945388946095
20170920233,13.040527403007056
20170920234,8.512563368201665
20170921001,80.43775053518074
20170921002,30.672753409457464
20170921003,10.915223562623233
20170921004,6.913698516410939
20170921011,67.97772192804938
20170921012,25.62261226839682
20170921013,8.480807070543348
20170921014,5.648637763375885
20170921021,58.05732829745178
20170921022,21.460811435512618
20170921023,6.94970962592227
20170921024,4.851313344572006
20170921031,52.2508184074903
20170921032,17.804170360468124
20170921033,5.933882187408001
20170921034,4.43553283513133
20170921041,45.40849421593422
20170921042,15.86267894391694
20170921043,4.923101006423621
20170921044,3.981566269620478
20170921051,42.310378374063326
20170921052,16.18587993731516
20170921053,4.829687567099649
20170921054,4.072968134020548
20170921061,45.854168031715766
20170921062,16.685857732367325
20170921063,4.874887569107519
20170921064,4.115345027700141
20170921071,54.000365565959015
20170921072,19.25342107834745
20170921073,5.49452996539772
20170921074,4.739259304882833
20170921081,60.21670747196466
20170921082,21.186930776959024
20170921083,5.8185500159534245
20170921084,5.308262155723268
20170921091,72.39408664048196
20170921092,24.448079930058025
20170921093,8.013396381408086
20170921094,5.76801331193452
20170921101,90.51604314923593
20170921102,28.316540219268123
20170921103,10.960080159323393
20170921104,8.027829919799846
20170921111,114.7886827182729
20170921112,33.99122539919636
20170921113,11.98126265645645
20170921114,8.900998822238968
20170921121,112.89709374955619
20170921122,35.633171316389024
20170921123,13.992533778117487
20170921124,9.819522839445126
20170921131,101.62720811243679
20170921132,31.966313298586943
20170921133,11.531114548984673
20170921134,8.80267547689063
20170921141,111.17995298802296
20170921142,36.269916911359914
20170921143,14.015789457616243
20170921144,9.347787305601171
20170921151,110.18599933231897
20170921152,35.24784303683428
20170921153,13.875711160829058
20170921154,9.155352085324452
20170921161,105.32249799508551
20170921162,34.8831607040292
20170921163,13.611003273365782
20170921164,8.90141443088656
20170921171,107.22496469502902
20170921172,35.00832222129888
20170921173,13.868484519605822
20170921174,8.849127771886392
20170921181,111.71642209823693
20170921182,36.82846452410615
20170921183,14.052958361009846
20170921184,8.9846182774634
20170921191,112.34566139219042
20170921192,37.43699626901677
20170921193,13.988935928736032
20170921194,8.9846182774634
20170921201,106.97117736150888
20170921202,35.68249870596909
20170921203,13.750515260184716
20170921204,8.89423962788414
20170921211,100.26665013573677
20170921212,34.26296898694991
20170921213,13.264934560476153
20170921214,8.691390591346073
20170921221,92.96766708811646
20170921222,33.392566518388826
20170921223,13.216659295726394
20170921224,8.691390591346073
20170921231,86.52455534560742
20170921232,31.39118505526941
20170921233,13.040527403007056
20170921234,8.598473101447773
20170922001,78.04911474714999
20170922002,29.446142988587738
20170922003,10.894303064393037
20170922004,7.045886053135367
20170922011,67.20362659158569
20170922012,23.799205664215954
20170922013,8.583680455962794
20170922014,5.673803442016744
20170922021,57.668559548995795
20170922022,20.697420477189706
20170922023,7.050525179176081
20170922024,4.876479023212864
20170922031,51.88287356592809
20170922032,17.576309112896517
20170922033,6.1609042336020305
20170922034,4.460698513772188
20170922041,45.000932462174845
20170922042,15.30937496830175
20170922043,5.02917025868908
20170922044,4.006731948261338
20170922051,40.959710480424924
20170922052,15.16578184867863
20170922053,4.829184559227058
20170922054,4.072465126147957
20170922061,45.57035463214258
20170922062,16.110721915355633
20170922063,4.828570455195255
20170922064,4.110719990908137
20170922071,51.12929005599815
20170922072,17.875933277565732
20170922073,5.391822362799967
20170922074,4.734634268090829
20170922081,56.37140309075582
20170922082,20.78587257767119
20170922083,5.772232902041161
20170922084,5.303637118931264
20170922091,66.40659512115155
20170922092,24.358588830785877
20170922093,7.967079267495823
20170922094,5.763388275142516
20170922101,85.61559994352815
20170922102,27.84356854256086
20170922103,10.858249580233712
20170922104,7.981512805887581
20170922111,97.15791356312745
20170922112,32.56480334269141
20170922113,11.853037874311717
20170922114,8.828287505271648
20170922121,101.05193837983082
20170922122,34.697184684614705
20170922123,13.790815825134159
20170922124,9.724345435745233
20170922131,90.24294578721567
20170922132,32.052476755115514
20170922133,11.397999315328933
20170922134,8.725073708412305
20170922141,96.28424977026106
20170922142,34.87713839336663
20170922143,13.634850128672582
20170922144,9.270185537122845
20170922151,94.74367490038519
20170922152,34.7881162537571
20170922153,13.635063384553803
20170922154,9.077750316846124
20170922161,92.87510329790148
20170922162,34.366463675665095
20170922163,12.992732196465054
20170922164,8.766842417121303
20170922171,92.17972531806109
20170922172,33.867025202355634
20170922173,13.62112628080593
20170922174,8.714555758121136
20170922181,94.66953245080234
20170922182,35.64496694145235
20170922183,13.867989864359084
20170922184,8.920497439120405
20170922191,96.15699017529991
20170922192,36.45000142071828
20170922193,13.724048025231884
20170922194,8.920497439120405
20170922201,93.68337455082843
20170922202,34.66509907142749
20170922203,13.604391364100762
20170922204,8.868963390107952
20170922211,84.37768669564606
20170922212,33.42192252759902
20170922213,13.102129740203573
20170922214,8.649433429381267
20170922221,82.09614904505572
20170922222,31.351779534023546
20170922223,13.053854475453818
20170922224,8.649433429381267
20170922231,79.02718403276408
20170922232,29.52874467733973
20170922233,12.916845149118839
20170922234,8.595638505867322
20170923001,71.20359604441526
20170923002,28.5500776323579
20170923003,10.556659885151829
20170923004,6.8888420246202005
20170923011,61.36202735775453
20170923012,22.9302739039864
20170923013,8.31330912677657
20170923014,5.516759413501577
20170923021,52.68404631031657
20170923022,19.389291024105503
20170923023,6.7940957171169405
20170923024,4.719434994697698
20170923031,46.191414201034455
20170923032,15.79685018791921
20170923033,5.753243536669611
20170923034,4.348911082973939
20170923041,39.193311589664894
20170923042,13.978746084288506
20170923043,4.750538680924947
20170923044,3.8949445174630877
20170923051,35.25536208577146
20170923052,13.300630109212612
20170923053,4.599286269732979
20170923054,3.9606776953497063
20170923061,39.49588790443227
20170923062,14.343048596435997
20170923063,4.590290635704393
20170923064,4.010224298506945
20170923071,43.39216746772505
20170923072,15.753015006461958
20170923073,5.131760615345716
20170923074,4.560555906762923
20170923081,47.18529605520914
20170923082,17.81257081248581
20170923083,5.371988785823673
20170923084,5.061020001453779
20170923091,51.56190062063835
20170923092,20.714612898568703
20170923093,6.964427694523348
20170923094,5.396773271972766
20170923101,62.32518794494869
20170923102,24.110425458330997
20170923103,8.20515205679639
20170923104,6.925031967701232
20170923111,71.3201156306924
20170923112,27.171802744536357
20170923113,9.041204702441517
20170923114,7.147417369351698
20170923121,73.22594275665554
20170923122,28.64512986027522
20170923123,10.047316849991905
20170923124,8.016822388161254
20170923131,66.47750341120177
20170923132,25.82489561302823
20170923133,9.089127453135639
20170923134,7.038399213132147
20170923141,68.35081080359856
20170923142,27.417021093232496
20170923143,9.247318308150689
20170923144,7.278329862834113
20170923151,66.75688644917474
20170923152,28.489993382106224
20170923153,9.635087948643251
20170923154,7.204335384958593
20170923161,65.94506392106216
20170923162,27.96540027274813
20170923163,10.098459167301334
20170923164,7.059352023553589
20170923171,66.36116126497316
20170923172,28.523122009968148
20170923173,10.142309618268003
20170923174,7.067454700339885
20170923181,72.10639604348198
20170923182,31.463418088123024
20170923183,10.677340573055238
20170923184,7.279026700610606
20170923191,80.07228384337061
20170923192,33.703668791179204
20170923193,11.295231505112021
20170923194,7.279026700610606
20170923201,83.3667205128344
20170923202,36.73339166074423
20170923203,11.66347794302885
20170923204,7.591737464142685
20170923211,74.81828414493758
20170923212,34.51788521697128
20170923213,11.190251456384013
20170923214,7.234161533318077
20170923221,70.79263119111747
20170923222,32.278707328701024
20170923223,11.270855859283648
20170923224,7.812295642130476
20170923231,69.86256181906515
20170923232,30.538730061306623
20170923233,11.606861816663637
20170923234,7.319213228114999
20170924001,62.74845026869615
20170924002,27.291651975810325
20170924003,9.141604865722261
20170924004,6.124211843879551
20170924011,53.11926512596953
20170924012,21.515329634055334
20170924013,7.569307109445295
20170924014,4.656075645358818
20170924021,46.07021968920668
20170924022,17.736605087213142
20170924023,6.643669606969468
20170924024,4.35703348558568
20170924031,39.352184316604145
20170924032,14.896052020338955
20170924033,5.546465834164064
20170924034,3.877582497833732
20170924041,33.451652878581235
20170924042,12.738486350315222
20170924043,4.744612147242184
20170924044,3.8272142877869957
20170924051,30.61503794274202
20170924052,11.807289799743245
20170924053,4.593359736050216
20170924054,3.871710942491921
20170924061,32.592306802301856
20170924062,13.07629642713445
20170924063,4.59715765667422
20170924064,4.00565583353018
20170924071,36.74757508265793
20170924072,14.892905098752047
20170924073,5.138627636315543
20170924074,4.555987441786158
20170924081,41.067287458120866
20170924082,16.562291092933236
20170924083,5.322465318108011
20170924084,5.056451536477014
20170924091,46.67630658796583
20170924092,19.877892996678074
20170924093,6.3052938790740205
20170924094,5.335814318310511
20170924101,52.44446591181412
20170924102,21.728658808171197
20170924103,7.604335472335522
20170924104,6.254462666305312
20170924111,60.274998470047116
20170924112,24.965370917675862
20170924113,8.049563938542061
20170924114,6.291389153210385
20170924121,61.854570131054594
20170924122,25.55430112239265
20170924123,8.826388039439223
20170924124,7.1220684212698195
20170924131,55.86074261170645
20170924132,23.885512829050317
20170924133,8.223206602101069
20170924134,6.2329485584246
20170924141,58.077235192896005
20170924142,24.550862906923122
20170924143,8.374193822126502
20170924144,5.978881906242828
20170924151,59.61629025981272
20170924152,25.321804935862883
20170924153,8.593574512271008
20170924154,6.0897414117515
20170924161,59.74160512060943
20170924162,26.075330076633442
20170924163,8.710842122759347
20170924164,5.953650195328116
20170924171,60.63350946904148
20170924172,27.095513144937545
20170924173,9.014168456185258
20170924174,5.9710770653490695
20170924181,64.30748010244963
20170924182,29.159573472852053
20170924183,9.848356426724067
20170924184,6.157000108734137
20170924191,71.19405019495254
20170924192,31.163953870628607
20170924193,10.184903155168408
20170924194,6.157000108734137
20170924201,73.87517814721667
20170924202,34.77090520505353
20170924203,10.562310341057595
20170924204,6.808399714353941
20170924211,71.47902777587467
20170924212,34.82349926631422
20170924213,9.971852156414762
20170924214,6.458192720925219
20170924221,70.80963674574798
20170924222,34.703036739428555
20170924223,9.956338696630443
20170924224,6.822617569679781
20170924231,68.92501584514577
20170924232,32.976730726068766
20170924233,10.040698617529076
20170924234,6.467136693094354
20170925001,62.277155902434416
20170925002,30.037663761906604
20170925003,8.333736696270316
20170925004,5.143143111245184
20170925011,54.623547200884104
20170925012,25.026312592138115
20170925013,6.819782154030231
20170925014,4.354172701628958
20170925021,46.11797943346028
20170925022,21.66355086999532
20170925023,6.287524479979599
20170925024,3.9143856254079936
20170925031,41.30327535068013
20170925032,18.597509059727457
20170925033,5.00014575771126
20170925034,3.951196789385895
20170925041,35.877445705830986
20170925042,16.55102613253576
20170925043,4.587743884770195
20170925044,3.872422346679823
20170925051,34.68350818117028
20170925052,16.786250074297907
20170925053,4.710632990016834
20170925054,4.059284418172585
20170925061,39.912387964492964
20170925062,17.78426676928137
20170925063,4.897784445316004
20170925064,4.2165376917270905
20170925071,45.56106762264957
20170925072,19.506757702197685
20170925073,5.625565032211993
20170925074,4.886669813331181
20170925081,52.30451098310784
20170925082,21.681704718957274
20170925083,6.086948302686708
20170925084,5.563661511526472
20170925091,62.90124455940136
20170925092,25.524550175433635
20170925093,7.760216380580565
20170925094,6.170880431874917
20170925101,81.11600808613082
20170925102,30.93893691911658
20170925103,10.886829514463296
20170925104,8.186582694904326
20170925111,100.63953434247361
20170925112,37.290091239502495
20170925113,12.100195563324476
20170925114,9.188306091265707
20170925121,107.12852907225452
20170925122,38.30612995309498
20170925123,13.744809213630237
20170925124,9.38780383422201
20170925131,93.99635401423221
20170925132,35.87527664059132
20170925133,11.793861468572649
20170925134,8.185442634210371
20170925141,102.38762923559676
20170925142,38.011897182061745
20170925143,13.13268830687456
20170925144,8.833687483284617
20170925151,104.4203884740908
20170925152,38.626730115452645
20170925153,13.656260696152128
20170925154,8.690788994809953
20170925161,103.71414426513878
20170925162,36.685910190948015
20170925163,13.70332963931075
20170925164,8.480800822273977
20170925171,102.83837298536682
20170925172,35.95292743559868
20170925173,13.794351447130238
20170925174,8.43951287491401
20170925181,107.65102716504893
20170925182,37.428358088927006
20170925183,14.028211445033598
20170925184,8.366508388671063
20170925191,110.27602540350955
20170925192,38.17731452672328
20170925193,13.964189012759784
20170925194,8.265814066777766
20170925201,104.53266889613693
20170925202,37.65913035760268
20170925203,13.773677654248598
20170925204,8.227073127461576
20170925211,96.64640592090238
20170925212,36.297981873431404
20170925213,13.40887997518351
20170925214,7.839330008695686
20170925221,89.28716823705732
20170925222,34.54264470720921
20170925223,13.178851519916671
20170925224,7.895611979967411
20170925231,84.27900446217721
20170925232,34.20464756958802
20170925233,12.732063398062756
20170925234,7.733890496146795
20170926001,79.16012604371075
20170926002,31.158658997244252
20170926003,10.495474741077551
20170926004,6.130231573493596
20170926011,68.24728921023691
20170926012,25.482622091919513
20170926013,7.5964357178768855
20170926014,4.852520679001687
20170926021,57.33601281729623
20170926022,21.30661273356237
20170926023,6.607386775404442
20170926024,4.506926631093379
20170926031,51.59321231663279
20170926032,17.835107817322523
20170926033,5.694406911210863
20170926034,4.2652338260072185
20170926041,44.83795891495818
20170926042,15.973847267754882
20170926043,4.819154070088311
20170926044,3.9326914888138216
20170926051,41.00323165721101
20170926052,16.234857075071574
20170926053,4.76469570940108
20170926054,4.07896435614564
20170926061,45.65007384852736
20170926062,17.1210102721771
20170926063,4.849255225670368
20170926064,4.1213412498252335
20170926071,50.12778192834479
20170926072,19.93539963862593
20170926073,5.540541234574227
20170926074,4.7452555270079255
20170926081,55.493321258501545
20170926082,21.5339056783139
20170926083,6.001924505048942
20170926084,5.406994101275048
20170926091,65.49102836363774
20170926092,24.320649649718696
20170926093,8.179486676039167
20170926094,5.810354768800811
20170926101,82.5765433931687
20170926102,28.241655074579267
20170926103,11.058794315397916
20170926104,7.993901237211172
20170926111,95.71412126551049
20170926112,33.69841538584693
20170926113,12.105766931081343
20170926114,9.009023349436095
20170926121,104.22463167427605
20170926122,35.83146345044091
20170926123,13.90219330747068
20170926124,9.628756992618781
20170926131,93.59882929317241
20170926132,33.55037633603655
20170926133,11.488765113034692
20170926134,8.745750180814385
20170926141,102.16596486745979
20170926142,36.959660017646094
20170926143,13.631758928327754
20170926144,9.325818346659236
20170926151,102.1803402924081
20170926152,37.32545919870565
20170926153,13.631972184208976
20170926154,9.133383126382517
20170926161,100.93072684599437
20170926162,35.491647436612766
20170926163,13.163643953751652
20170926164,8.844489134810313
20170926171,100.14318128327524
20170926172,35.08910531017373
20170926173,13.699238930943228
20170926174,8.816436081005339
20170926181,103.68868973010323
20170926182,36.63811491969016
20170926183,13.984156997728867
20170926184,8.951926586582346
20170926191,108.12805251755269
20170926192,37.85676976447222
20170926193,13.840215158601668
20170926194,8.951926586582346
20170926201,104.16828244527059
20170926202,37.47945570861863
20170926203,13.677069635895084
20170926204,8.856903675994433
20170926211,97.13528439564442
20170926212,34.779428018437336
20170926213,13.263703274660962
20170926214,8.654054639456366
20170926221,90.36819209949779
20170926222,34.097225153056016
20170926223,13.215428009911204
20170926224,8.654054639456366
20170926231,85.25630939614639
20170926232,32.05403011090718
20170926233,13.033630026961358
20170926234,8.548615126907476
20170927001,78.5024585066085
20170927002,30.55228055494937
20170927003,10.5246292238775
20170927004,6.77910658668776
20170927011,67.5166467523091
20170927012,25.451868992026544
20170927013,8.40279603684166
20170927014,5.617508419164611
20170927021,57.06663457752265
20170927022,21.54830595668282
20170927023,6.774104022443381
20170927024,4.804930876432564
20170927031,51.625924372145505
20170927032,18.57823171329671
20170927033,5.855871153706316
20170927034,4.389150366991887
20170927041,45.27347899568338
20170927042,16.341604378737006
20170927043,4.845089972721936
20170927044,3.935183801481035
20170927051,42.15697070221729
20170927052,16.32621602285953
20170927053,4.751676533397964
20170927054,4.026585665881106
20170927061,45.43765315459581
20170927062,16.913208984566808
20170927063,4.796876535405834
20170927064,4.068962559560699
20170927071,51.33809221512164
20170927072,19.81980205571534
20170927073,5.488162544309692
20170927074,4.692876836743391
20170927081,56.38038037839356
20170927082,21.418308095403308
20170927083,5.70480759993687
20170927084,5.226148305268956
20170927091,67.06095430146773
20170927092,24.42100333418565
20170927093,7.899653965391532
20170927094,5.685899461480208
20170927101,88.64884197435056
20170927102,28.798826474125796
20170927103,10.846337743306837
20170927104,7.945716069345533
20170927111,105.66548392095399
20170927112,34.417827170263614
20170927113,11.864467284187246
20170927114,8.815832015532008
20170927121,110.67023581364732
20170927122,35.42598426580394
20170927123,13.849866421964645
20170927124,9.682187072106306
20170927131,100.68875654529944
20170927132,31.918110591513358
20170927133,11.354366481145792
20170927134,8.631598936937563
20170927141,108.16598489443686
20170927142,35.67880701589834
20170927143,13.604110751807056
20170927144,9.262620498894211
20170927151,107.2114611481345
20170927152,35.0163297721262
20170927153,13.67653834616272
20170927154,9.070185278617492
20170927161,104.71460477291181
20170927162,34.412013460970805
20170927163,13.159921451124708
20170927164,8.730337890933491
20170927171,105.39250237592769
20170927172,34.10974291324239
20170927173,13.701775503898418
20170927174,8.702284837128516
20170927181,109.55747841679435
20170927182,35.90867791143719
20170927183,13.934524610052197
20170927184,8.837775342705523
20170927191,109.63585919701308
20170927192,37.14939350513223
20170927193,13.790582770924997
20170927194,8.837775342705523
20170927201,104.87537816828015
20170927202,35.634100991677506
20170927203,13.627437248218413
20170927204,8.74275243211761
20170927211,99.77965843742535
20170927212,33.74664296718296
20170927213,13.14185654850985
20170927214,8.539903395579543
20170927221,91.27401987391028
20170927222,33.138904623734724
20170927223,13.093581283760091
20170927224,8.539903395579543
20170927231,85.35008909650045
20170927232,31.335275132373123
20170927233,12.911783300810246
20170927234,8.434463883030654
20170928001,79.11401084717096
20170928002,29.862579769663668
20170928003,10.738594992852658
20170928004,6.693048637589654
20170928011,67.38924335809071
20170928012,24.718564516987453
20170928013,8.392387962356509
20170928014,5.461634465811776
20170928021,56.89936726772307
20170928022,21.17416967256293
20170928023,6.861290517735432
20170928024,4.651127640448379
20170928031,51.481011582872604
20170928032,17.687446950189376
20170928033,5.845463079221163
20170928034,4.316505060939724
20170928041,44.55572052461671
20170928042,15.745955533638195
20170928043,4.8346818982367825
20170928044,3.9088598027008756
20170928051,42.092772597355314
20170928052,16.05201329249333
20170928053,4.741268458912811
20170928054,4.0161775913959525
20170928061,45.37345504973383
20170928062,16.57285480493788
20170928063,4.7864684609206805
20170928064,4.058554485075546
20170928071,51.49065079590553
20170928072,19.793321943572913
20170928073,5.349720368525393
20170928074,4.682468762258238
20170928081,56.389631648566
20170928082,21.42755936557575
20170928083,5.730130907766586
20170928084,5.251471613098673
20170928091,66.84289871215125
20170928092,24.43025460435809
20170928093,7.9249772732212485
20170928094,5.7112227693099245
20170928101,89.26551621752765
20170928102,28.792101514078553
20170928103,10.871661051136554
20170928104,7.9710393771752495
20170928111,105.33733383174723
20170928112,34.148408194616046
20170928113,11.858801193956738
20170928114,8.8101659253015
20170928121,109.83491318998797
20170928122,35.40231045835559
20170928123,13.844200331734138
20170928124,9.728689942507659
20170928131,99.71439327220705
20170928132,31.7857222018022
20170928133,11.348700390915285
20170928134,8.711842579953164
20170928141,104.96407369802648
20170928142,35.54949668629781
20170928143,13.67065900005099
20170928144,9.256954408663704
20170928151,105.61127519539323
20170928152,34.76705679012249
20170928153,13.670872255932213
20170928154,9.064519188386985
20170928161,104.09122082350775
20170928162,34.15072839782646
20170928163,13.082041022419759
20170928164,8.810581533949092
20170928171,103.94345907455597
20170928172,33.63311522114419
20170928173,13.69610941366791
20170928174,8.782528480144117
20170928181,109.56959588881539
20170928182,35.65940492943348
20170928183,13.92885851982169
20170928184,8.918018985721124
20170928191,109.53600407433736
20170928192,36.440113194576405
20170928193,13.78491668069449
20170928194,8.918018985721124
20170928201,104.8517043608318
20170928202,34.95255053297083
20170928203,13.621771157987906
20170928204,8.822996075133211
20170928211,99.49722613630237
20170928212,33.54665264166101
20170928213,13.136190458279343
20170928214,8.620147038595144
20170928221,90.9915875727873
20170928222,32.85256669117353
20170928223,13.087915193529584
20170928224,8.620147038595144
20170928231,85.35008909650045
20170928232,30.726208363787205
20170928233,12.911783300810246
20170928234,8.485417279142451
20170929001,77.17614128430034
20170929002,28.91695059970735
20170929003,10.717674494622463
20170929004,6.825236174314082
20170929011,64.3787884247011
20170929012,23.58201332445858
20170929013,8.495261347775955
20170929014,5.4304096557671455
20170929021,56.68841304600154
20170929022,20.588867004285852
20170929023,6.88645619637629
20170929024,4.676293319089237
20170929031,51.35485875670449
20170929032,17.467755639992664
20170929033,5.870628757862021
20170929034,4.341670739580582
20170929041,44.22300624197853
20170929042,15.08267112388687
20170929043,4.859847576877641
20170929044,3.9340254813417324
20170929051,40.201528903565666
20170929052,14.798535182109624
20170929053,4.74076545104022
20170929054,4.015674583523362
20170929061,44.77461438226861
20170929062,15.997718987926179
20170929063,4.740151347008417
20170929064,4.053929448283542
20170929071,50.41355479998848
20170929072,18.246586459840195
20170929073,5.303403254613129
20170929074,4.677843725466234
20170929081,54.59056168936643
20170929082,20.663290546141756
20170929083,5.6838137938543225
20170929084,5.246846576306669
20170929091,63.60666553048479
20170929092,24.236006799256444
20170929093,7.878660159308985
20170929094,5.7065977325179205
20170929101,83.01060376086389
20170929102,27.867348991783246
20170929103,10.769830472046873
20170929104,7.924722263262986
20170929111,95.46158420237398
20170929112,32.83689648848716
20170929113,11.730576411812008
20170929114,8.737454608334183
20170929121,99.75106147129966
20170929122,34.55322679518017
20170929123,13.64248237875081
20170929124,9.633512538807768
20170929131,89.9498797545739
20170929132,31.645348235722288
20170929133,11.218338201939964
20170929134,8.634240811474836
20170929141,93.87416754539666
20170929142,34.71914570013714
20170929143,13.486516682289233
20170929144,9.17935264018538
20170929151,92.53093237719624
20170929152,34.39841319612335
20170929153,13.438454673420699
20170929154,8.986917419908659
20170929161,90.93534900995678
20170929162,32.94881178600835
20170929163,12.723909146857508
20170929164,8.676009520183838
20170929171,90.27287900248943
20170929172,32.76593785026163
20170929173,13.417107032764388
20170929174,8.647956466378863
20170929181,94.15189351722158
20170929182,34.93631253651777
20170929183,13.615695351567787
20170929184,8.853898147378132
20170929191,93.55317714137036
20170929192,35.75087983750356
20170929193,13.599948184043727
20170929194,8.853898147378132
20170929201,91.36851235830034
20170929202,34.43418535008724
20170929203,13.395727855050566
20170929204,8.797719837357025
20170929211,83.63773210739433
20170929212,32.54158406408713
20170929213,12.925110373257008
20170929214,8.578189876630336
20170929221,81.32339857493365
20170929222,31.165527020999125
20170929223,12.925110373257008
20170929224,8.578189876630336
20170929231,77.75763725085734
20170929232,29.10622519150475
20170929233,12.708181640068643
20170929234,8.396672950315894
20170930001,69.77491013317159
20170930002,27.87052120702656
20170930003,10.380031315381254
20170930004,6.6681921457989155
20170930011,58.55366826618426
20170930012,22.11626350013207
20170930013,7.922345420640222
20170930014,5.273365627251979
20170930021,51.65892417762142
20170930022,18.612142177945536
20170930023,6.617567612058813
20170930024,4.519249290574071
20170930031,45.889550104971896
20170930032,15.624071505450175
20170930033,5.59376290254615
20170930034,4.229883308782333
20170930041,38.465156377205574
20170930042,13.762828402723757
20170930043,4.662119572738109
20170930044,3.8222380505434854
20170930051,35.04245833056563
20170930052,13.199866664708944
20170930053,4.510867161546141
20170930054,3.9038871527251113
20170930061,39.09595733703168
20170930062,14.230045669006554
20170930063,4.5018715275175545
20170930064,3.953433755882348
20170930071,43.05132717313422
20170930072,15.629144810291491
20170930073,5.043341507158877
20170930074,4.503765364138328
20170930081,46.81227306505253
20170930082,17.688700616315344
20170930083,5.283569677636835
20170930084,5.004229458829184
20170930091,51.32576478695958
20170930092,20.590742702398238
20170930093,6.87600858633651
20170930094,5.33998272934817
20170930101,58.24716913441869
20170930102,23.987843426801565
20170930103,8.116732948609553
20170930104,6.868241425076636
20170930111,67.54144212985037
20170930112,27.010890347617003
20170930113,8.918743239941808
20170930114,7.05658447241423
20170930121,70.27853089661795
20170930122,28.50470950047294
20170930123,9.924855387492192
20170930124,7.925989491223787
20170930131,62.30901401699578
20170930132,25.818931320985772
20170930133,8.966665990635926
20170930134,6.9475663161946795
20170930141,65.45414628959246
20170930142,27.201760136113123
20170930143,9.12485684565098
20170930144,7.187496965896646
20170930151,65.3732328080163
20170930152,27.990660678015868
20170930153,9.512626486143542
20170930154,7.113502488021126
20170930161,62.98750960207546
20170930162,27.750139315628758
20170930163,9.903783366327183
20170930164,6.968519126616122
20170930171,62.46358387742716
20170930172,28.421622521202103
20170930173,10.044081760963486
20170930174,7.00085540859761
20170930181,67.43213655082054
20170930182,30.93610548284468
20170930183,10.579112715750718
20170930184,7.21242740886833
20170930191,74.15095425019292
20170930192,33.41862328682919
20170930193,11.1970036478075
20170930194,7.21242740886833
20170930201,79.4314571193504
20170930202,35.35050984383976
20170930203,11.551192480856423
20170930204,7.511080567532499
20170930211,75.59797513643068
20170930212,33.356018839398445
20170930213,11.077965994211583
20170930214,7.153504636707891
20170930221,71.73303302984833
20170930222,30.958846215591702
20170930223,11.158570397111218
20170930224,7.731638745520289
20170930231,68.88698231459182
20170930232,29.67301090475643
20170930233,11.49457635449121
20170930234,7.117690261124394
20171001001,60.949389714333854
20171001002,27.089604902127633
20171001003,8.5341978563952
20171001004,5.999185624398698
20171001011,52.07739468352337
20171001012,21.857717521690542
20171001013,7.3651399680140495
20171001014,4.562868398776213
20171001021,45.94820239379132
20171001022,17.76905479559044
20171001023,6.412265328823327
20171001024,4.320216727688563
20171001031,39.30687864073049
20171001032,14.857849965832683
20171001033,4.894079974131966
20171001034,3.8407657399366144
20171001041,33.07235568143307
20171001042,12.686703552367854
20171001043,4.421006383350157
20171001044,3.790397529889878
20171001051,30.490526309349402
20171001052,11.69396268311125
20171001053,4.029283937174641
20171001054,3.7810369159967827
20171001061,32.83804539847841
20171001062,12.972456898466444
20171001063,4.112860618166161
20171001064,3.914981807035038
20171001071,36.115787475751794
20171001072,14.72370457062213
20171001073,4.487867040089003
20171001074,4.387077384427409
20171001081,40.37254158838829
20171001082,16.383511460703346
20171001083,4.671704721881471
20171001084,4.570915066219877
20171001091,45.870850945492165
20171001092,19.0192392685736
20171001093,5.93309797513988
20171001094,5.094390254594045
20171001101,51.71454675172701
20171001102,21.310425023056762
20171001103,7.271603383311635
20171001104,5.98089768427067
20171001111,58.760184708920725
20171001112,24.281991156041425
20171001113,7.591588256535749
20171001114,6.1436802833055415
20171001121,62.32527962365717
20171001122,25.3051564843528
20171001123,8.37112366108527
20171001124,6.971792032398264
20171001131,55.219012461087175
20171001132,23.503331442134588
20171001133,7.7515341214027496
20171001134,6.177530130947008
20171001141,56.99433991127502
20171001142,24.47968398328956
20171001143,8.045946224571711
20171001144,5.923463478765235
20171001151,57.68741339503504
20171001152,24.903125945166117
20171001153,8.384153003466029
20171001154,6.034322984273907
20171001161,57.582577935254534
20171001162,25.871708552161685
20171001163,8.384153003466029
20171001164,5.898231767850524
20171001171,58.8230314313724
20171001172,26.82939449793399
20171001173,8.461536862146783
20171001174,5.9398922430666685
20171001181,63.11923113124093
20171001182,29.011825115833375
20171001183,9.280811327677
20171001184,6.097823095684797
20171001191,67.96827930258536
20171001192,31.236033192865822
20171001193,9.528146234435896
20171001194,6.097823095684797
20171001201,70.7375952520147
20171001202,34.11071273224582
20171001203,10.487649727439686
20171001204,6.777755033043966
20171001211,69.87598737640874
20171001212,33.85375873353895
20171001213,9.889526813752946
20171001214,6.427548039615243
20171001221,68.71998235695763
20171001222,33.357403161896386
20171001223,9.889526813752946
20171001224,6.791972888369806
20171001231,66.10482111551899
20171001232,32.54528600933258
20171001233,9.584939513490058
20171001234,6.3215444591627765
20171002001,62.51889760375934
20171002002,30.20926950432332
20171002003,8.250080657178973
20171002004,5.1457548763433065
20171002011,55.013484524097805
20171002012,25.13286748824072
20171002013,6.558212506936211
20171002014,4.35678446672708
20171002021,46.38532854909983
20171002022,22.080043945355836
20171002023,5.958359831850172
20171002024,3.9169973905061157
20171002031,40.89622355853105
20171002032,18.79182109086926
20171002033,4.882979976782212
20171002034,3.9538085544840174
20171002041,36.04437971034238
20171002042,16.621858845486152
20171002043,4.5481030409661365
20171002044,3.875034111777945
20171002051,34.435565770815984
20171002052,16.749934351624507
20171002053,4.621133850330313
20171002054,4.012037887388245
20171002061,38.652486237834566
20171002062,17.74327896111635
20171002063,4.7897480398723165
20171002064,4.150753895185583
20171002071,44.02991040708725
20171002072,19.418311047403506
20171002073,5.403123019095536
20171002074,4.692485261795144
20171002081,50.068010167104305
20171002082,20.859025123629348
20171002083,5.742353855952938
20171002084,5.419986124164592
20171002091,59.286531505818914
20171002092,25.642260514615632
20171002093,7.091862334075536
20171002094,5.81648172611558
20171002101,77.3662089678001
20171002102,29.75931894236862
20171002103,9.326826368599702
20171002104,7.4530447082400455
20171002111,95.59972368067972
20171002112,36.140047897570604
20171002113,10.952596590909105
20171002114,8.443136898423587
20171002121,103.19259979758644
20171002122,37.01963852962158
20171002123,12.313984077904822
20171002124,8.755664054395051
20171002131,93.25960432128478
20171002132,34.55742339666326
20171002133,10.730503677837781
20171002134,7.859366670296366
20171002141,100.90715642990897
20171002142,37.547418651006616
20171002143,11.851645722525667
20171002144,8.687162714436438
20171002151,102.52863942009664
20171002152,38.60780081655686
20171002153,12.820174070985273
20171002154,8.64495854785507
20171002161,102.7004129134319
20171002162,36.777869284891565
20171002163,12.549010886328958
20171002164,8.425304116635765
20171002171,102.04193257713999
20171002172,36.04488652954224
20171002173,13.431789115878763
20171002174,8.314386602598573
20171002181,107.79706023501397
20171002182,37.04631562847694
20171002183,13.672436586053758
20171002184,8.21338992558868
20171002191,110.03954154603241
20171002192,38.780339965275274
20171002193,13.838442609046782
20171002194,8.090927682786877
20171002201,104.79154217792394
20171002202,37.82683524322881
20171002203,13.63796761609409
20171002204,8.094776680077967
20171002211,95.9389553110204
20171002212,36.50501888792435
20171002213,13.179984904893917
20171002214,7.825994288723633
20171002221,90.08080770919331
20171002222,35.18195919840512
20171002223,12.949956449627075
20171002224,7.882276259995356
20171002231,85.36120919473062
20171002232,34.44302438222256
20171002233,12.739120647301734
20171002234,7.691516956799246
20171003001,79.62284888245141
20171003002,31.2341475445839
20171003003,10.47928375804019
20171003004,6.1328433385917185
20171003011,69.26137688027653
20171003012,25.589176988022118
20171003013,7.607304038246984
20171003014,4.85513244409981
20171003021,57.98640457425804
20171003022,21.57350687823593
20171003023,6.520660525997338
20171003024,4.509538396191502
20171003031,52.46789634801365
20171003032,18.58301947148408
20171003033,5.705275231580962
20171003034,4.267845591105341
20171003041,45.10349131335369
20171003042,16.611852904094324
20171003043,4.83002239045841
20171003044,3.9353032539119437
20171003051,40.600139819487076
20171003052,16.48179993743893
20171003053,4.721706761173157
20171003054,4.027718852645741
20171003061,45.36814576570792
20171003062,17.30029067846335
20171003063,4.806266277442445
20171003064,4.070095746325334
20171003071,49.271602988541865
20171003072,19.29540605001554
20171003073,5.326411749944807
20171003074,4.6157739926444155
20171003081,55.375317867371194
20171003082,21.083723485663665
20171003083,5.671523911313542
20171003084,5.221122078226049
20171003091,63.502401620776276
20171003092,24.080740100364963
20171003093,6.9377876237766145
20171003094,5.642811513831313
20171003101,78.77983533505854
20171003102,27.412897980859068
20171003103,9.323541676241337
20171003104,7.202172794589895
20171003111,94.12365975145896
20171003112,33.167003088026526
20171003113,11.02263332682717
20171003114,8.446467782535297
20171003121,101.5400464422497
20171003122,35.03863446125899
20171003123,12.513118534519096
20171003124,8.894638411568062
20171003131,92.76708862670371
20171003132,33.621679718953885
20171003133,10.843828363093523
20171003134,8.113195875993565
20171003141,100.43094437421829
20171003142,36.34535689745595
20171003143,12.9120887307869
20171003144,9.00086398257915
20171003151,99.1812170809174
20171003152,35.961420291482064
20171003153,13.521916147279095
20171003154,8.92412923100334
20171003161,98.32649544323263
20171003162,34.88074795414878
20171003163,13.036901771907155
20171003164,8.712502659003743
20171003171,98.64359435488166
20171003172,34.71863096180331
20171003173,13.637458158763101
20171003174,8.785143927092065
20171003181,103.9220920803865
20171003182,36.43784128680508
20171003183,13.823085870909297
20171003184,8.832925760674918
20171003191,107.90678245638362
20171003192,37.8500697272668
20171003193,13.731312992413958
20171003194,8.832925760674918
20171003201,104.37646405534404
20171003202,36.78206230599216
20171003203,13.61075740631465
20171003204,8.780492786694282
20171003211,96.41498741824566
20171003212,34.57839524200909
20171003213,13.296439655174556
20171003214,8.637360231383427
20171003221,91.01382720728976
20171003222,34.183182715863616
20171003223,13.248164390424797
20171003224,8.637360231383427
20171003231,85.56872289316509
20171003232,32.11094985433928
20171003233,13.037328588099456
20171003234,8.502882899459042
20171004001,79.47954972618548
20171004002,30.58055855904554
20171004003,10.538244423212666
20171004004,6.781718351785883
20171004011,68.06069052957962
20171004012,25.639051658317726
20171004013,8.398349055866387
20171004014,5.620120184262734
20171004021,57.87857200066357
20171004022,21.787189004691434
20171004023,6.769657041468109
20171004024,4.807542641530686
20171004031,52.286889192444185
20171004032,18.65677551273437
20171004033,5.851424172731044
20171004034,4.39176213209001
20171004041,45.51100029741394
20171004042,16.420148178174667
20171004043,4.840642991746664
20171004044,3.9377955665791577
20171004051,42.227741266933634
20171004052,16.334252710094383
20171004053,4.6933722838246705
20171004054,3.975340162381204
20171004061,45.52450949583739
20171004062,16.88077671887715
20171004063,4.73857228583254
20171004064,4.0177170560608
20171004071,50.626331068342196
20171004072,19.153823523961464
20171004073,5.187074145721245
20171004074,4.563395302379881
20171004081,55.18745106258641
20171004082,20.90264556957094
20171004083,5.5317533026475685
20171004084,5.096666770905446
20171004091,64.8650497834278
20171004092,24.23938196969562
20171004093,7.0289329143952
20171004094,5.51835620651071
20171004101,84.96311954348545
20171004102,28.040914500558962
20171004103,9.26049607248637
20171004104,7.227382483873602
20171004111,102.84974137522914
20171004112,32.913000588816736
20171004113,10.766018378587702
20171004114,8.300688044892455
20171004121,107.38324672436097
20171004122,34.7529088407559
20171004123,12.603158086351893
20171004124,8.846908109158466
20171004131,99.35498559492561
20171004132,32.03221466026919
20171004133,10.924986211519728
20171004134,7.9640882949824325
20171004141,104.33735471832827
20171004142,35.687274562502
20171004143,13.092762254497343
20171004144,8.937666134814124
20171004151,105.4467225303441
20171004152,34.90483466632668
20171004153,13.478952669413026
20171004154,8.860931383238315
20171004161,104.2637022656294
20171004162,34.52611752972665
20171004163,12.931481544466035
20171004164,8.59835141512692
20171004171,104.34118968600811
20171004172,34.60270180437816
20171004173,13.552465091898478
20171004174,8.670992683215243
20171004181,107.47147072872389
20171004182,36.09631295482457
20171004183,13.730387735665731
20171004184,8.718774516798096
20171004191,108.63980916399134
20171004192,36.49816639758758
20171004193,13.666365303391917
20171004194,8.718774516798096
20171004201,104.28846797341882
20171004202,35.16072137102318
20171004203,13.54580971729261
20171004204,8.66634154281746
20171004211,99.77244221401978
20171004212,33.80458943332562
20171004213,13.159277627678073
20171004214,8.523208987506605
20171004221,91.75669677227994
20171004222,32.934186964764535
20171004223,13.111002362928314
20171004224,8.523208987506605
20171004231,86.45524494246878
20171004232,31.142757999934123
20171004233,12.900166560602973
20171004234,8.395587588002302
20171005001,79.80399473984451
20171005002,29.284606902613238
20171005003,10.752210192187823
20171005004,6.695660402687777
20171005011,66.55147358888352
20171005012,24.07162852356155
20171005013,8.387940981381234
20171005014,5.392602618296241
20171005021,57.711304690864
20171005022,20.893813630482782
20171005023,6.85684353676016
20171005024,4.653739405546501
20171005031,51.493245925222126
20171005032,17.706008380949726
20171005033,5.841016098245891
20171005034,4.319116826037846
20171005041,44.793241826347284
20171005042,15.824499333075853
20171005043,4.830234917261511
20171005044,3.911471567798997
20171005051,41.89988108476286
20171005052,16.039094976916036
20171005053,4.682964209339517
20171005054,3.9649320878960514
20171005061,45.34306063374863
20171005062,16.540422539248222
20171005063,4.728164211347387
20171005064,4.007308981575647
20171005071,50.40055613015122
20171005072,19.127343411819037
20171005073,5.176666071236092
20171005074,4.552987227894728
20171005081,55.13059438703031
20171005082,20.91189683974338
20171005083,5.557076610477285
20171005084,5.121990078735163
20171005091,64.7810001117402
20171005092,24.248633239868063
20171005093,7.054256222224916
20171005094,5.543679514340426
20171005101,85.8677229626724
20171005102,28.050165770731404
20171005103,9.285819380316088
20171005104,7.252705791703319
20171005111,102.3868295658281
20171005112,32.88932678136839
20171005113,10.760352288357195
20171005114,8.295021954661948
20171005121,107.43846610432317
20171005122,34.72923503330755
20171005123,12.674890904773589
20171005124,8.841242018927959
20171005131,100.46737262674857
20171005132,31.899826270558037
20171005133,10.919320121289221
20171005134,7.958422204751927
20171005141,104.23304923386493
20171005142,35.66360075505365
20171005143,13.164495072919038
20171005144,8.932000044583617
20171005151,105.08945048439328
20171005152,34.88116085887833
20171005153,13.54550091765696
20171005154,8.855265293007808
20171005161,103.85338941962888
20171005162,34.5024437222783
20171005163,12.974090718985286
20171005164,8.678595058142522
20171005171,103.93087684000758
20171005172,34.57902799692981
20171005173,13.619013340142413
20171005174,8.751236326230844
20171005181,107.74234669441955
20171005182,36.07263914737622
20171005183,13.80464105228861
20171005184,8.799018159813697
20171005191,108.53995404131562
20171005192,36.24889341558387
20171005193,13.66069921316141
20171005194,8.799018159813697
20171005201,104.26479416597047
20171005202,34.66152300034111
20171005203,13.540143627062102
20171005204,8.74658518583306
20171005211,97.657518154062
20171005212,33.60459910780367
20171005213,13.153611537447565
20171005214,8.603452630522206
20171005221,92.0235629670291
20171005222,32.91051315731619
20171005223,13.105336272697807
20171005224,8.603452630522206
20171005231,86.17452030263111
20171005232,30.75511701055438
20171005233,12.900166560602973
20171005234,8.4465409841141
20171006001,76.33096728278645
20171006002,28.90946299230566
20171006003,10.731289693957626
20171006004,6.827847939412204
20171006011,63.94093738685437
20171006012,23.521079875798836
20171006013,8.413106660022088
20171006014,5.361377808251611
20171006021,57.27921888079712
20171006022,20.667410803723513
20171006023,6.882009215401019
20171006024,4.67890508418736
20171006031,50.104491274779534
20171006032,17.546299439430324
20171006033,5.86618177688675
20171006034,4.344282504678705
20171006041,42.90143440161162
20171006042,15.288944398935547
20171006043,4.85540059590237
20171006044,3.936637246439855
20171006051,38.39550633955212
20171006052,15.018996888279505
20171006053,4.682461201466927
20171006054,3.9644290800234607
20171006061,43.36409566009907
20171006062,15.965286722236515
20171006063,4.681847097435123
20171006064,4.002683944783643
20171006071,48.42493939702272
20171006072,17.60089934035009
20171006073,5.130348957323828
20171006074,4.548362191102724
20171006081,52.994082154182145
20171006082,20.510838640455546
20171006083,5.510759496565021
20171006084,5.117365041943159
20171006091,61.42300924357803
20171006092,24.083554893570234
20171006093,7.0079391083126525
20171006094,5.539054477548422
20171006101,79.41063945618617
20171006102,27.531888276449333
20171006103,9.183988801226407
20171006104,7.206388677791055
20171006111,96.14925413279907
20171006112,32.51133063727922
20171006113,10.632127506212466
20171006114,8.22231063769463
20171006121,100.37708385190315
20171006122,34.35376935771087
20171006123,12.473172951790268
20171006124,8.746064615228068
20171006131,89.97232884053794
20171006132,30.8837440734473
20171006133,10.141232623485331
20171006134,7.880820436273603
20171006141,96.00059294522191
20171006142,34.495686842809604
20171006143,11.676292651279127
20171006144,8.854398276105291
20171006151,94.1297332683206
20171006152,33.8521516628022
20171006153,12.51272709584258
20171006154,8.777663524529482
20171006161,91.06486383424235
20171006162,33.332737499309864
20171006163,12.192871412286353
20171006164,8.544023044377266
20171006171,90.9509248684189
20171006172,33.23359034516852
20171006173,12.895391145348247
20171006174,8.61666431246559
20171006181,95.69394966968883
20171006182,34.637684804236436
20171006183,12.993575627948386
20171006184,8.734897321470704
20171006191,97.2079782911243
20171006192,35.70217749390059
20171006193,13.30838059013643
20171006194,8.734897321470704
20171006201,93.99047351197807
20171006202,34.393026772085946
20171006203,13.155051422612646
20171006204,8.721308948056873
20171006211,84.57473727164422
20171006212,32.59947409617986
20171006213,12.862612045571847
20171006214,8.5614954685574
20171006221,81.55715782412908
20171006222,31.223417053091865
20171006223,12.862612045571847
20171006224,8.5614954685574
20171006231,78.52422614310292
20171006232,29.01976076256639
20171006233,12.696564899861372
20171006234,8.35779665528754
20171007001,71.40006729418081
20171007002,27.553358995335856
20171007003,10.422100676486375
20171007004,6.670803910897038
20171007011,60.76301025593278
20171007012,22.10229685674388
20171007013,7.91789843966495
20171007014,5.204333779736444
20171007021,52.287209889289805
20171007022,18.690685977383197
20171007023,6.613120631083541
20171007024,4.521861055672193
20171007031,45.296718218650895
20171007032,15.753493937494795
20171007033,5.589315921570878
20171007034,4.232495073880456
20171007041,37.79802381505108
20171007042,13.906034161636507
20171007043,4.657672591762838
20171007044,3.824849815641607
20171007051,34.23793303351816
20171007052,13.167434399019283
20171007053,4.452562911972849
20171007054,3.8526416492252102
20171007061,37.57389051279923
20171007062,14.197613403316893
20171007063,4.126940865045874
20171007064,3.902188252382447
20171007071,42.59618148940188
20171007072,15.53135154513992
20171007073,4.5192085112194595
20171007074,4.374283829774818
20171007081,46.51533309071913
20171007082,17.536248710629135
20171007083,5.004458361367376
20171007084,4.558121511567286
20171007091,50.521406463008965
20171007092,20.438290796712028
20171007093,5.933682802111749
20171007094,5.137987188626943
20171007101,60.517612137238096
20171007102,23.02608197565717
20171007103,7.285732230944544
20171007104,6.1199609644306845
20171007111,69.75648257633091
20171007112,26.215337773814536
20171007113,7.964835838361593
20171007114,6.687466483924958
20171007121,72.10378541771907
20171007122,27.286930373220812
20171007123,9.00145464558864
20171007124,7.381560213741671
20171007131,65.24865714985656
20171007132,25.146138479191354
20171007133,8.040135217567919
20171007134,6.558043142961546
20171007141,66.49781904662936
20171007142,26.504743355623347
20171007143,8.644534158868241
20171007144,6.76241656781836
20171007151,65.77779260580151
20171007152,27.791629449469998
20171007153,9.31161609412189
20171007154,6.9525292221337684
20171007161,64.01760788445473
20171007162,27.79343160188116
20171007163,9.316669175220053
20171007164,6.9525292221337684
20171007171,63.05168543372697
20171007172,28.302576096483
20171007173,9.52191411756928
20171007174,6.984865504115256
20171007181,66.6244183144323
20171007182,30.951405578330142
20171007183,10.492324100247652
20171007184,7.168445313619038
20171007191,72.72061746942525
20171007192,34.11927011151433
20171007193,10.635230619411203
20171007194,7.168445313619038
20171007201,77.93015975852394
20171007202,35.417932697652354
20171007203,11.263414781117529
20171007204,7.509688408890482
20171007211,76.34704599022704
20171007212,33.413908871491174
20171007213,11.030260665898815
20171007214,7.136810228634956
20171007221,72.18322108098532
20171007222,30.795310468478267
20171007223,11.065978911322356
20171007224,7.730246586878272
20171007231,68.76571332033886
20171007232,29.241919932345677
20171007233,10.976290236012833
20171007234,7.071958033675964
20171008001,61.72867841054242
20171008002,26.690589965204538
20171008003,8.5341978563952
20171008004,5.999185624398698
20171008011,53.216780657159696
20171008012,21.857717521690542
20171008013,7.037827973682619
20171008014,4.562868398776213
20171008021,46.05601234176563
20171008022,17.76905479559044
20171008023,6.379134250279196
20171008024,4.320216727688563
20171008031,39.30687864073049
20171008032,14.938080832816231
20171008033,4.822436361518308
20171008034,3.8407657399366144
20171008041,33.07235568143307
20171008042,12.686703552367854
20171008043,4.421006383350157
20171008044,3.790397529889878
20171008051,29.794425170814513
20171008052,11.69396268311125
20171008053,4.003799514933544
20171008054,3.7810369159967827
20171008061,32.642970945316044
20171008062,12.972456898466444
20171008063,4.0873761959250645
20171008064,3.914981807035038
20171008071,36.38565249576479
20171008072,14.72370457062213
20171008073,4.487867040089003
20171008074,4.361592962186312
20171008081,39.44575284654647
20171008082,16.383511460703346
20171008083,4.671704721881471
20171008084,4.570915066219877
20171008091,43.93834368867767
20171008092,18.703956206354004
20171008093,5.554129910839343
20171008094,5.094390254594045
20171008101,50.16875938317363
20171008102,20.882852657733512
20171008103,6.304583569592445
20171008104,5.78954240222632
20171008111,57.12908571825515
20171008112,23.96168061787174
20171008113,7.41666034820219
20171008114,6.057770550059433
20171008121,59.8619976332695
20171008122,24.537711463668618
20171008123,7.48057573491015
20171008124,6.332084213010507
20171008131,54.3329580870496
20171008132,23.394692575281066
20171008133,7.048060082485044
20171008134,5.636547935209875
20171008141,57.13772804796034
20171008142,23.67940675438056
20171008143,7.266616971525565
20171008144,5.769967003938807
20171008151,57.87480148105918
20171008152,24.840491039941636
20171008153,7.455108744550425
20171008154,5.898231767850524
20171008161,58.11363177733685
20171008162,25.871708552161685
20171008163,7.3948817354372816
20171008164,5.898231767850524
20171008171,59.17699177031417
20171008172,26.82939449793399
20171008173,7.72468519591408
20171008174,5.9398922430666685
20171008181,63.11923113124093
20171008182,29.011825115833375
20171008183,8.269869972490142
20171008184,6.097823095684797
20171008191,67.6291789807251
20171008192,31.46426170422909
20171008193,9.099790448739414
20171008194,6.097823095684797
20171008201,69.86741416749751
20171008202,33.71923264084677
20171008203,9.424268841226302
20171008204,6.777755033043966
20171008211,68.4672103812568
20171008212,33.46227864213991
20171008213,9.31107904029233
20171008214,6.427548039615243
20171008221,67.63638399109271
20171008222,32.70646486009911
20171008223,9.370214693008423
20171008224,6.791972888369806
20171008231,64.57488289631364
20171008232,32.59720701887344
20171008233,9.263283325486231
20171008234,6.3215444591627765
20171009001,61.98658269497672
20171009002,30.20926950432332
20171009003,8.123540625444763
20171009004,5.1457548763433065
20171009011,54.88625474079543
20171009012,25.13286748824072
20171009013,6.559639107294824
20171009014,4.35678446672708
20171009021,46.38532854909983
20171009022,22.080043945355836
20171009023,5.828570188964011
20171009024,3.9169973905061157
20171009031,40.862972135217895
20171009032,18.85375633105329
20171009033,4.882979976782212
20171009034,3.9538085544840174
20171009041,36.10631495052642
20171009042,16.683794085670183
20171009043,4.5481030409661365
20171009044,3.875034111777945
20171009051,34.67189196478683
20171009052,16.84851091522952
20171009053,4.617134877614754
20171009054,4.008038914672686
20171009061,40.22124345415678
20171009062,17.930846880937604
20171009063,4.804286332913924
20171009064,4.165292188227191
20171009071,45.4427086055457
20171009072,19.456922696537532
20171009073,5.346017699523486
20171009074,4.707023554836752
20171009081,49.73725584680681
20171009082,21.07654257469687
20171009083,5.756892148994546
20171009084,5.3628808045925425
20171009091,60.44111827322371
20171009092,25.897247202200344
20171009093,6.548172733501155
20171009094,5.8310200191571875
20171009101,79.6114196114079
20171009102,29.4859688384709
20171009103,8.43752054558287
20171009104,6.9093551076656645
20171009111,99.55626913913237
20171009112,35.10809035997076
20171009113,9.956646217024804
20171009114,8.321901674637745
20171009121,105.2072812649186
20171009122,36.51510612174286
20171009123,10.76718238797027
20171009124,8.713920376164937
20171009131,95.17801357917796
20171009132,34.720185243893326
20171009133,9.580806674066269
20171009134,7.873904963337973
20171009141,103.2578859442134
20171009142,37.82692662647825
20171009143,10.542144248958637
20171009144,8.701701007478047
20171009151,103.08404251822259
20171009152,38.851469819033504
20171009153,11.111489413752832
20171009154,8.65949684089668
20171009161,102.28078293122182
20171009162,36.87125197558261
20171009163,10.882342794260545
20171009164,8.421945428534885
20171009171,102.35827035160052
20171009172,36.13826922023328
20171009173,11.217977028957641
20171009174,8.311027914497693
20171009181,107.95300027252428
20171009182,36.94741730735513
20171009183,11.590454038205698
20171009184,8.2100312374878
20171009191,110.35587932049295
20171009192,38.78734557838467
20171009193,11.945249889117108
20171009194,8.087568994685997
20171009201,105.10787995238448
20171009202,37.727936922107
20171009203,11.91244264416281
20171009204,8.091417991977087
20171009211,96.25529308548093
20171009212,36.366788437935725
20171009213,11.673021484099847
20171009214,7.822635600622752
20171009221,90.39714548365384
20171009222,34.611451271713534
20171009223,11.673021484099847
20171009224,7.878917571894475
20171009231,85.52109255632575
20171009232,34.304793932233935
20171009233,11.535777119999269
20171009234,7.688158268698365
20171010001,79.62299640905456
20171010002,31.214948098005365
20171010003,9.475627006294733
20171010004,6.1328433385917185
20171010011,69.16129925283573
20171010012,25.589176988022118
20171010013,7.338942161251961
20171010014,4.85513244409981
20171010021,57.886326946817235
20171010022,21.88344505749384
20171010023,6.186748120632937
20171010024,4.509538396191502
20171010031,52.36781872057285
20171010032,18.729711521862455
20171010033,4.982569576696668
20171010034,4.267845591105341
20171010041,45.10349131335369
20171010042,16.611852904094324
20171010043,4.545654618816491
20171010044,3.9353032539119437
20171010051,40.82805503966329
20171010052,16.48179993743893
20171010053,4.608549537055893
20171010054,4.027718852645741
20171010061,45.6373943275869
20171010062,17.30029067846335
20171010063,4.759599055186224
20171010064,4.070095746325334
20171010071,50.25520467742411
20171010072,19.14644977932831
20171010073,5.2547681373311494
20171010074,4.6157739926444155
20171010081,55.49673439998152
20171010082,21.046254249146475
20171010083,5.671523911313542
20171010084,5.221122078226049
20171010091,63.398349700579146
20171010092,24.080740100364963
20171010093,6.610475629445182
20171010094,5.642811513831313
20171010101,79.69793080195446
20171010102,27.29657829985571
20171010103,8.57164337555674
20171010104,6.874860800258463
20171010111,94.09655234746226
20171010112,33.167003088026526
20171010113,10.2424398185925
20171010114,8.225750947268036
20171010121,100.06089658377284
20171010122,34.78870907258062
20171010123,11.526950116499684
20171010124,8.84092194403454
20171010131,91.07901577774776
20171010132,33.621679718953885
20171010133,9.747372556192875
20171010134,7.983876528312041
20171010141,99.41790108287957
20171010142,36.8371594118909
20171010143,11.364141100200614
20171010144,9.00086398257915
20171010151,95.97061877345648
20171010152,36.39369776818502
20171010153,12.014451025068317
20171010154,8.92412923100334
20171010161,93.2393012230491
20171010162,34.88074795414878
20171010163,11.314378477458032
20171010164,8.712502659003743
20171010171,92.73357638378158
20171010172,34.98129508691616
20171010173,11.553156175801982
20171010174,8.785143927092065
20171010181,100.57853891072703
20171010182,36.536889896899105
20171010183,12.484364345252448
20171010184,8.89264224190213
20171010191,105.02234294620749
20171010192,38.698854124394266
20171010193,12.061979174905215
20171010194,8.89264224190213
20171010201,102.89585865006154
20171010202,36.881110916086186
20171010203,12.310479558294832
20171010204,8.840209267921495
20171010211,95.29512739373845
20171010212,34.61546019256657
20171010213,11.742896694919002
20171010214,8.637360231383427
20171010221,90.34468298223088
20171010222,34.183182715863616
20171010223,11.742896694919002
20171010224,8.637360231383427
20171010231,85.55510506520868
20171010232,32.11094985433928
20171010233,11.605652330818424
20171010234,8.502882899459042
20171011001,79.18122584359631
20171011002,30.58055855904554
20171011003,9.656552130473603
20171011004,6.781718351785883
20171011011,67.96061290213882
20171011012,25.639051658317726
20171011013,7.498119483523197
20171011014,5.620120184262734
20171011021,57.77849437322276
20171011022,21.787189004691434
20171011023,6.195942121562577
20171011024,4.807542641530686
20171011031,52.18681156500338
20171011032,18.65677551273437
20171011033,5.122979820871083
20171011034,4.39176213209001
20171011041,45.516743395228
20171011042,16.420148178174667
20171011043,4.556275220104745
20171011044,3.9377955665791577
20171011051,42.227741266933634
20171011052,16.334252710094383
20171011053,4.5408555454459885
20171011054,3.975340162381204
20171011061,45.47571999752433
20171011062,16.88077671887715
20171011063,4.6919050635763195
20171011064,4.0177170560608
20171011071,50.24799754936733
20171011072,19.004867253274234
20171011073,5.187074145721245
20171011074,4.563395302379881
20171011081,55.12243736025545
20171011082,20.90264556957094
20171011083,5.5317533026475685
20171011084,5.096666770905446
20171011091,63.67194864720494
20171011092,24.23938196969562
20171011093,6.701620920063767
20171011094,5.51835620651071
20171011101,84.89503147946485
20171011102,27.878575789587458
20171011103,8.59096570519733
20171011104,6.900070489542169
20171011111,102.2318121885974
20171011112,32.913000588816736
20171011113,10.231563175469393
20171011114,8.177565779402402
20171011121,107.56710646242402
20171011122,34.7529088407559
20171011123,11.619789156363888
20171011124,8.647730610130452
20171011131,97.18931383209767
20171011132,32.03221466026919
20171011133,9.900596578964226
20171011134,7.932363517078111
20171011141,104.08205931379514
20171011142,35.91287373705737
20171011143,11.237519638100208
20171011144,8.937666134814124
20171011151,105.91294674681741
20171011152,34.90483466632668
20171011153,11.932933897906095
20171011154,8.860931383238315
20171011161,105.48155996961006
20171011162,34.52611752972665
20171011163,11.293930369458167
20171011164,8.59835141512692
20171011171,104.51618868770811
20171011172,34.60270180437816
20171011173,11.664563013198686
20171011174,8.670992683215243
20171011181,109.08679697144463
20171011182,36.420960739473955
20171011183,12.391850062907437
20171011184,8.778490998025308
20171011191,108.69278180228095
20171011192,37.14758267682819
20171011193,11.935357712804809
20171011194,8.778490998025308
20171011201,104.28846797341882
20171011202,35.4421220691418
20171011203,12.183858096194426
20171011204,8.726058024044672
20171011211,99.81796008253274
20171011212,33.80458943332562
20171011213,11.616275232818596
20171011214,8.523208987506605
20171011221,91.33263985269797
20171011222,33.196851089877384
20171011223,11.616275232818596
20171011224,8.523208987506605
20171011231,85.64202134119255
20171011232,31.142757999934123
20171011233,11.479030868718018
20171011234,8.395587588002302
20171012001,79.80399473984451
20171012002,29.169290260957634
20171012003,9.70007765392674
20171012004,6.695660402687777
20171012011,66.55147358888352
20171012012,24.07162852356155
20171012013,7.356857674541723
20171012014,5.392602618296241
20171012021,57.61122706342319
20171012022,20.893813630482782
20171012023,6.0745769439845825
20171012024,4.653739405546501
20171012031,51.493245925222126
20171012032,17.706008380949726
20171012033,5.11257174638593
20171012034,4.319116826037846
20171012041,44.793241826347284
20171012042,15.824499333075853
20171012043,4.545867145619592
20171012044,3.911471567798997
20171012051,41.89988108476286
20171012052,16.053692722756374
20171012053,4.545045216801172
20171012054,3.979529833736388
20171012061,45.34306063374863
20171012062,16.55502028508856
20171012063,4.696094734931503
20171012064,4.021906727415983
20171012071,49.54803645759509
20171012072,18.992984886972145
20171012073,5.191263817076428
20171012074,4.567584973735064
20171012081,55.14628637626822
20171012082,20.92649458558372
20171012083,5.571674356317621
20171012084,5.136587824575499
20171012091,63.681199917377384
20171012092,24.2632309857084
20171012093,6.74154197373382
20171012094,5.558277260180763
20171012101,84.57199447538618
20171012102,27.902424805600237
20171012103,8.716796492113492
20171012104,6.939991543212222
20171012111,102.13966311981228
20171012112,32.90392452720872
20171012113,10.240494831079221
20171012114,8.18649743501223
20171012121,107.3401148252921
20171012122,34.74383277914789
20171012123,11.628720811973716
20171012124,8.65666226574028
20171012131,100.46737262674857
20171012132,31.914424016398375
20171012133,9.909528234574054
20171012134,7.94129517268794
20171012141,104.23304923386493
20171012142,35.678198500893984
20171012143,11.246451293710036
20171012144,8.946597790423953
20171012151,105.46018157276467
20171012152,34.895758604718665
20171012153,12.206855692419994
20171012154,8.869863038848143
20171012161,103.85338941962888
20171012162,34.517041468118634
20171012163,11.302862025067995
20171012164,8.693192803982857
20171012171,103.93087684000758
20171012172,34.59362574277014
20171012173,11.673494668808514
20171012174,8.76583407207118
20171012181,107.79217044372662
20171012182,36.214277694077516
20171012183,12.428773909284207
20171012184,8.901324577648186
20171012191,108.53995404131562
20171012192,36.61613113684053
20171012193,11.972281559181578
20171012194,8.901324577648186
20171012201,104.26479416597047
20171012202,35.19284908713809
20171012203,12.178192005963918
20171012204,8.806301667060273
20171012211,97.24690857908543
20171012212,33.60459910780367
20171012213,11.610609142588089
20171012214,8.603452630522206
20171012221,90.62290874030774
20171012222,33.17317728242904
20171012223,11.610609142588089
20171012224,8.603452630522206
20171012231,85.64202134119255
20171012232,30.75511701055438
20171012233,11.241002569220909
20171012234,8.4465409841141
20171013001,75.97931839295325
20171013002,28.90946299230566
20171013003,9.731326116328404
20171013004,6.827847939412204
20171013011,63.94093738685437
20171013012,23.521079875798836
20171013013,7.382023353182581
20171013014,5.361377808251611
20171013021,57.17914125335631
20171013022,20.667410803723513
20171013023,6.099742622625441
20171013024,4.67890508418736
20171013031,49.265825290985916
20171013032,17.546299439430324
20171013033,5.137737425026788
20171013034,4.344282504678705
20171013041,42.570249919774604
20171013042,15.288944398935547
20171013043,4.571032824260451
20171013044,3.936637246439855
20171013051,37.94643426785169
20171013052,15.03359463411984
20171013053,4.544542208928581
20171013054,3.979026825863797
20171013061,43.221267713422144
20171013062,15.97988446807685
20171013063,4.649777621019239
20171013064,4.017281690623979
20171013071,47.68068699333182
20171013072,17.650361842318187
20171013073,5.179811459291924
20171013074,4.59782469307082
20171013081,53.27364130971363
20171013082,20.560301142423643
20171013083,5.560221998533118
20171013084,5.166827543911255
20171013091,61.41911976828043
20171013092,24.13301739553833
20171013093,6.730089615949316
20171013094,5.588516979516519
20171013101,79.6066795951215
20171013102,27.58135077841743
20171013103,8.705344134328985
20171013104,6.928539185427718
20171013111,95.22262869882535
20171013112,32.560793139247316
20171013113,10.147134805062247
20171013114,8.14865087417267
20171013121,99.59496122661426
20171013122,34.15748669147974
20171013123,11.448740354205045
20171013124,8.596349618168148
20171013131,89.97232884053794
20171013132,30.676916040081473
20171013133,9.383978906144744
20171013134,7.8636934042096165
20171013141,94.19706470903974
20171013142,34.26453942045072
20171013143,10.627211710597402
20171013144,8.868996021945629
20171013151,92.7835029244009
20171013152,33.866749408642534
20171013153,11.342488699276544
20171013154,8.792261270369815
20171013161,91.06486383424235
20171013162,33.3473352451502
20171013163,10.580854585348346
20171013164,8.558620790217603
20171013171,91.0189120764735
20171013172,33.248188091008856
20171013173,11.134278469888326
20171013174,8.631262058305923
20171013181,92.89856026015453
20171013182,34.77932335093773
20171013183,11.314405258752679
20171013184,8.837203739305192
20171013191,93.41877297427051
20171013192,36.06941521515725
20171013193,11.28199391014993
20171013194,8.837203739305192
20171013201,91.69770262105442
20171013202,34.49207538217997
20171013203,11.171590841306427
20171013204,8.781025429284085
20171013211,83.94476796810402
20171013212,32.59947409617986
20171013213,10.801136245252435
20171013214,8.5614954685574
20171013221,81.40912986980805
20171013222,31.223417053091865
20171013223,10.801136245252435
20171013224,8.5614954685574
20171013231,78.16638408096168
20171013232,29.01976076256639
20171013233,10.56485482824283
20171013234,8.35779665528754
20171014001,70.87209668379802
20171014002,27.553358995335856
20171014003,8.827806932927302
20171014004,6.670803910897038
20171014011,60.76301025593278
20171014012,22.10229685674388
20171014013,6.913995607780838
20171014014,5.204333779736444
20171014021,52.287209889289805
20171014022,18.690685977383197
20171014023,5.895364893604806
20171014024,4.521861055672193
20171014031,44.738115340955
20171014032,15.753493937494795
20171014033,4.810219778001096
20171014034,4.232495073880456
20171014041,37.79802381505108
20171014042,13.906034161636507
20171014043,4.393536675904776
20171014044,3.824849815641607
20171014051,34.23793303351816
20171014052,13.182032144859619
20171014053,4.016411975569596
20171014054,3.867239395065547
20171014061,37.11825100593861
20171014062,14.212211149157229
20171014063,4.0871951019085255
20171014064,3.9167859982227844
20171014071,41.09144994669942
20171014072,15.580814047108015
20171014073,4.497066279959127
20171014074,4.423746331742914
20171014081,45.464539972732126
20171014082,17.585711212597232
20171014083,4.737294450437084
20171014084,4.607584013535383
20171014091,49.3899802181126
20171014092,20.353551179059497
20171014093,5.870231040664859
20171014094,5.18744969059504
20171014101,58.11691018757015
20171014102,22.602385212070413
20171014103,6.93627800535278
20171014104,6.090961488735523
20171014111,69.27364753214063
20171014112,25.94219554401471
20171014113,7.722105584906699
20171014114,6.736928985893054
20171014121,69.97596867055101
20171014122,27.12862572361155
20171014123,8.463313952815705
20171014124,7.103710721378336
20171014131,62.35382811800673
20171014132,24.539653685099328
20171014133,7.617601945358902
20171014134,6.572640888801883
20171014141,63.93746218393523
20171014142,26.519341101463684
20171014143,8.18291485463242
20171014144,6.777014313658697
20171014151,64.27783668021185
20171014152,27.806227195310335
20171014153,8.373027508947828
20171014154,6.967126967974105
20171014161,62.05031922562793
20171014162,27.808029347721497
20171014163,8.373027508947828
20171014164,6.967126967974105
20171014171,61.58743927810861
20171014172,28.31717384232334
20171014173,8.638768551286844
20171014174,6.999463249955593
20171014181,65.84533117115328
20171014182,30.99399551493742
20171014183,9.258590609066722
20171014184,7.211035250226313
20171014191,71.72135183833224
20171014192,34.1618600481216
20171014193,9.707537594202028
20171014194,7.211035250226313
20171014201,76.76172358724841
20171014202,35.417932697652354
20171014203,10.071808348117216
20171014204,7.509688408890482
20171014211,75.10653369349627
20171014212,33.413908871491174
20171014213,9.816404579897714
20171014214,7.136810228634956
20171014221,71.49210196723818
20171014222,30.795310468478267
20171014223,9.816404579897714
20171014224,7.730246586878272
20171014231,69.18175067139222
20171014232,29.126603290690074
20171014233,9.726715904588195
20171014234,7.071958033675964
20171015001,61.49893488533891
20171015002,27.06375390167343
20171015003,8.136702524420036
20171015004,6.1105940386643205
20171015011,52.14204954809673
20171015012,21.92789472546702
20171015013,6.347421971704097
20171015014,4.586067351458099
20171015021,46.05349815468016
20171015022,17.839231999366916
20171015023,5.263791507640758
20171015024,4.343415680370449
20171015031,39.41217440161933
20171015032,14.998678932492727
20171015033,4.606372958618939
20171015034,3.8639646926185014
20171015041,33.142532885209555
20171015042,12.747301652044346
20171015043,4.32006807281412
20171015044,3.813596482571765
20171015051,29.86460237459099
20171015052,11.76915852862808
20171015053,4.064367600796396
20171015054,3.8188336145190056
20171015061,32.70842055829132
20171015062,13.047652743983274
20171015063,4.163860206082924
20171015064,3.952778505557261
20171015071,36.56229679417236
20171015072,14.835053336907755
20171015073,4.573731384133525
20171015074,4.4342544168362945
20171015081,40.571292355200455
20171015082,16.504439331088953
20171015083,5.099679901065478
20171015084,4.64357652086986
20171015091,45.39285503469362
20171015092,19.33097505586336
20171015093,5.699930962876691
20171015094,5.167051709244028
20171015101,50.212982179707595
20171015102,21.08229073056763
20171015103,6.409075091443235
20171015104,5.862203856876302
20171015111,59.832955800428095
20171015112,24.14763075896911
20171015113,7.218549816173868
20171015114,6.148284700726907
20171015121,63.37008525723694
20171015122,24.67949187650773
20171015123,7.247508865747516
20171015124,6.344136386014722
20171015131,55.57324725549055
20171015132,23.361989858134788
20171015133,6.762915833697103
20171015134,5.692197329749589
20171015141,58.651575659680105
20171015142,23.786322411091913
20171015143,6.9986853462351695
20171015144,5.8256163984785205
20171015151,61.02024240214709
20171015152,24.947406696652987
20171015153,7.126950110146886
20171015154,5.953881162390237
20171015161,59.6021139789991
20171015162,25.978624208873036
20171015163,7.126950110146886
20171015164,5.953881162390237
20171015171,60.5545658681926
20171015172,26.984887397263517
20171015173,7.506645311633585
20171015174,5.971308032411191
20171015181,64.10021171541092
20171015182,29.216517510542324
20171015183,7.918504473010594
20171015184,6.1572310757962585
20171015191,70.22354653856104
20171015192,31.66895409893804
20171015193,8.588790459549667
20171015194,6.1572310757962585
20171015201,71.24036166205998
20171015202,36.02559029038622
20171015203,8.940679646070432
20171015204,6.808630681416062
20171015211,70.63402638667694
20171015212,34.748975643453974
20171015213,8.827489845136464
20171015214,6.45842368798734
20171015221,71.19686663375296
20171015222,34.69443674224342
20171015223,8.886625497852556
20171015224,6.822848536741902
20171015231,68.13987479558712
20171015232,34.001516061145665
20171015233,8.779694130330363
20171015234,6.352420107534873
20171016001,63.12914880449168
20171016002,31.028442493838654
20171016003,8.171195752234478
20171016004,5.257163290608929
20171016011,55.32594166377103
20171016012,25.844139965529365
20171016013,6.404467067500764
20171016014,4.379983419408966
20171016021,46.462613213323735
20171016022,22.282549301038323
20171016023,5.221341439739901
20171016024,3.9401963431880014
20171016031,40.97843887027599
20171016032,18.886343334064836
20171016033,4.788895334847562
20171016034,3.9770075071659026
20171016041,36.14848105763796
20171016042,16.71638108868173
20171016043,4.4966933655872445
20171016044,3.898233064459831
20171016051,34.71405807189837
20171016052,16.895695664081405
20171016053,4.345761249233848
20171016054,4.0458356131949085
20171016061,40.09872634587262
20171016062,17.978031629789488
20171016063,4.5143763430762975
20171016064,4.203088886749414
20171016071,45.598212521222216
20171016072,19.575133167374034
20171016073,5.333519494140417
20171016074,4.779685009486735
20171016081,50.72046366291293
20171016082,21.750080184133623
20171016083,5.7283370651890495
20171016084,5.435542259242525
20171016091,60.48555976190275
20171016092,26.277915189355003
20171016093,6.644206198441404
20171016094,5.90368147380717
20171016101,80.55376682964867
20171016102,30.181376612169938
20171016103,8.400448940737279
20171016104,6.982016562315647
20171016111,102.33080329826554
20171016112,36.14070430110193
20171016113,9.67360666233912
20171016114,8.41241582530522
20171016121,108.0095549790007
20171016122,36.768271367425825
20171016123,10.53721074829717
20171016124,8.804434526832413
20171016131,96.2418133859806
20171016132,34.79908980393974
20171016133,9.440488115032613
20171016134,7.929554357877687
20171016141,104.11534074523179
20171016142,38.04522711603345
20171016143,9.939478429793459
20171016144,8.757350402017762
20171016151,105.24377501038516
20171016152,39.06977030858871
20171016153,10.020539353488521
20171016154,8.715146235436395
20171016161,103.28459128497221
20171016162,37.089552465137814
20171016163,9.47339914838177
20171016164,8.4775948230746
20171016171,102.54285089061813
20171016172,36.362103756074696
20171016173,9.760173790945505
20171016174,8.342443703842216
20171016181,108.31918585310459
20171016182,37.22045133857596
20171016183,10.439318929587538
20171016184,8.269439217599263
20171016191,110.72206490107325
20171016192,39.0899307101586
20171016193,10.529780652931338
20171016194,8.146976974797457
20171016201,105.50271885708038
20171016202,37.854239314256105
20171016203,10.538869098452741
20171016204,8.112880296489928
20171016211,99.62164399640726
20171016212,36.44842962176899
20171016213,10.610927893233347
20171016214,7.844097905135592
20171016221,92.33509270248732
20171016222,34.6930924555468
20171016223,10.646646138656886
20171016224,7.900379876407315
20171016231,85.9943811176029
20171016232,34.32605749855011
20171016233,10.60360436452952
20171016234,7.709620573211205
20171017001,79.79119599356282
20171017002,31.560100937809313
20171017003,8.930930092326811
20171017004,6.244251752857341
20171017011,69.14841245906001
20171017012,27.25979766517794
20171017013,6.716086130579646
20171017014,4.878331396781696
20171017021,58.11806940207954
20171017022,22.820612903577334
20171017023,6.032840413282625
20171017024,4.532737348873388
20171017031,52.38809879213375
20171017032,19.50015857654667
20171017033,4.957496927055163
20171017034,4.291044543787227
20171017041,45.1237713849146
20171017042,17.143279247525616
20171017043,4.541716417614487
20171017044,3.9585022065938302
20171017051,40.848335111224195
20171017052,16.628024146771544
20171017053,4.619209081694225
20171017054,4.065515551167963
20171017061,45.630770936385375
20171017062,17.63452962927904
20171017063,4.820767763998713
20171017064,4.107892444847557
20171017071,50.0920582793305
20171017072,20.331325454187123
20171017073,5.350801602271399
20171017074,4.688435447294398
20171017081,55.86312681996868
20171017082,21.788741802390813
20171017083,5.767557376253791
20171017084,5.293783532876032
20171017091,64.6916986379675
20171017092,24.367635816866606
20171017093,6.7065090943854315
20171017094,5.715472968481295
20171017101,80.38552255202141
20171017102,28.081047398652846
20171017103,8.667676840496991
20171017104,6.947522254908446
20171017111,93.49670788448539
20171017112,33.514625599643914
20171017113,9.959400263906813
20171017114,8.316265097935513
20171017121,99.96450325809967
20171017122,35.48881486612675
20171017123,11.576681932438305
20171017124,8.931436094702015
20171017131,90.65901400944256
20171017132,33.700584279000296
20171017133,9.696311302325856
20171017134,8.039525922851753
20171017141,96.13624855768776
20171017142,36.42426145750236
20171017143,10.863807272159333
20171017144,9.056513377118865
20171017151,93.76125263066172
20171017152,36.040324851528474
20171017153,11.312847629534827
20171017154,8.979778625543055
20171017161,92.18545341226861
20171017162,34.95965251419519
20171017163,10.300294472008925
20171017164,8.768152053543458
20171017171,93.46712311935684
20171017172,34.942465497644726
20171017173,10.732837256256031
20171017174,8.816559716436588
20171017181,99.58769237762597
20171017182,36.809923928119936
20171017183,10.629864110441353
20171017184,8.952050222013595
20171017191,103.70178113639398
20171017192,39.0777920898463
20171017193,11.032601940436063
20171017194,8.952050222013595
20171017201,102.20040967266547
20171017202,36.9470356907182
20171017203,10.991696534153355
20171017204,8.861671572434336
20171017211,96.2006037864934
20171017212,34.636723758882745
20171017213,10.637922862287988
20171017214,8.658822535896268
20171017221,91.0253210737751
20171017222,34.20444628217979
20171017223,10.637922862287988
20171017224,8.658822535896268
20171017231,85.74314318777817
20171017232,32.132213420655454
20171017233,10.594881088160623
20171017234,8.524345203971883
20171018001,79.90830569647495
20171018002,31.832891660324307
20171018003,9.110631620144789
20171018004,6.924106590896092
20171018011,68.62671563754124
20171018012,27.331727416851898
20171018013,6.773001858057859
20171018014,5.674298961789207
20171018021,57.89085189122683
20171018022,22.778792700658002
20171018023,6.146146629446325
20171018024,4.861721419057159
20171018031,52.208046088881176
20171018032,19.80930791141273
20171018033,5.014412654533374
20171018034,4.445940909616483
20171018041,45.58188021257199
20171018042,16.996431267389045
20171018043,4.649141309266855
20171018044,3.9919743441056315
20171018051,42.292878084277625
20171018052,16.60338588499328
20171018053,4.648319380448434
20171018054,4.0441166857480155
20171018061,45.75496797516944
20171018062,17.546527289878266
20171018063,4.7993688985787655
20171018064,4.086493579427609
20171018071,50.923762814698236
20171018072,20.25628680022111
20171018073,5.329402736851451
20171018074,4.66703658187445
20171018081,55.734230397823204
20171018082,21.7137031484248
20171018083,5.674081893777775
20171018084,5.200308050400015
20171018091,65.9395065190931
20171018092,24.476629740853276
20171018093,6.843949511193973
20171018094,5.621997486005279
20171018101,87.98434016648487
20171018102,28.74599987152291
20171018103,8.73329429632754
20171018104,7.003711769036738
20171018111,104.12929978036763
20171018112,34.39092457218142
20171018113,9.994818746973664
20171018114,8.299059754914463
20171018121,109.61076214523995
20171018122,35.378766161445775
20171018123,11.715816098492466
20171018124,8.784526835073432
20171018131,95.60265497301
20171018132,32.312040344749455
20171018133,9.944821872552424
20171018134,8.03429498589333
20171018141,104.1652894813844
20171018142,36.09386742427771
20171018143,11.128496154241398
20171018144,9.039597603629344
20171018151,106.49299093230681
20171018152,35.23636902049057
20171018153,11.564107853662454
20171018154,8.962862852053535
20171018161,105.60421562954008
20171018162,34.93271039150236
20171018163,10.743305458567441
20171018164,8.70028288394214
20171018171,106.95246351453896
20171018172,35.05787190877204
20171018173,11.006513224855782
20171018174,8.74869054683527
20171018181,111.28686435670771
20171018182,36.92533033924726
20171018183,11.53736033158962
20171018184,8.884181052412277
20171018191,112.6611135752273
20171018192,38.084229753304456
20171018193,11.042164755483132
20171018194,8.884181052412277
20171018201,107.3813340272528
20171018202,36.7694735168352
20171018203,10.995510779316357
20171018204,8.793802402833018
20171018211,102.69003955016238
20171018212,34.709086973678104
20171018213,10.946590560628554
20171018214,8.59095336629495
20171018221,95.96759398260376
20171018222,34.10049297890155
20171018223,10.557596526377539
20171018224,8.59095336629495
20171018231,90.17670836984227
20171018232,31.903474093357357
20171018233,10.38261136344907
20171018234,8.492369786166144
20171019001,82.9076333302867
20171019002,31.334453928424715
20171019003,8.997608050790664
20171019004,6.838048641797986
20171019011,67.37551240406088
20171019012,26.223542213893673
20171019013,6.772079356478621
20171019014,5.446781395822714
20171019021,58.23586534546238
20171019022,21.463872028911606
20171019023,6.056600703784833
20171019024,4.707918183072974
20171019031,51.03883264265574
20171019032,18.296541519860984
20171019033,5.004004580048221
20171019034,4.373295603564319
20171019041,44.85974363524202
20171019042,15.86573953731593
20171019043,4.638733234781702
20171019044,3.965650345325469
20171019051,41.966382893657595
20171019052,16.133031164351678
20171019053,4.637911305963281
20171019054,4.033708611262862
20171019061,45.63188869729442
20171019062,16.987609346112734
20171019063,4.788960824093612
20171019064,4.076085504942456
20171019071,51.07768638703287
20171019072,19.871287935565412
20171019073,5.318994662366298
20171019074,4.656628507389297
20171019081,55.81908272236528
20171019082,21.50552535756825
20171019083,5.699405201607491
20171019084,5.225631358229732
20171019091,65.71720996374286
20171019092,24.485881011025718
20171019093,6.869272819023689
20171019094,5.647320793834996
20171019101,87.19675596403151
20171019102,28.902978613997913
20171019103,8.844527337403365
20171019104,7.029035076866455
20171019111,102.30975456198445
20171019112,34.36861575628382
20171019113,9.989152656743157
20171019114,8.293393664683956
20171019121,107.81110128607712
20171019122,35.35645734554818
20171019123,11.710150008261959
20171019124,8.778860744842925
20171019131,100.45320564757047
20171019132,32.18101694658903
20171019133,9.991324742953777
20171019134,8.028628895662823
20171019141,104.41981810878578
20171019142,36.071558608380116
20171019143,11.122830064010891
20171019144,9.033931513398837
20171019151,105.7307971683805
20171019152,35.214060204592975
20171019153,11.796470062929053
20171019154,8.957196761823027
20171019161,104.83130660751061
20171019162,34.910401575604766
20171019163,10.801721603881036
20171019164,8.780526526957741
20171019171,105.11480472570801
20171019172,35.03556309287445
20171019173,11.000847134625275
20171019174,8.828934189850871
20171019181,109.96244084263617
20171019182,36.85570539568172
20171019183,11.769722540856222
20171019184,8.964424695427878
20171019191,109.86274694479259
20171019192,37.46423714059233
20171019193,11.036498665252624
20171019194,8.964424695427878
20171019201,104.78060518725755
20171019202,35.70973957754465
20171019203,10.98984468908585
20171019204,8.874046045848619
20171019211,96.92373569192128
20171019212,34.29020985852547
20171019213,10.940924470398047
20171019214,8.671197009310552
20171019221,91.9102789283711
20171019222,33.41980738996439
20171019223,10.551930436147032
20171019224,8.671197009310552
20171019231,86.72379008679044
20171019232,31.418425926844964
20171019233,10.211268276227772
20171019234,8.543323182277941
20171020001,76.49952676485087
20171020002,29.493577442198813
20171020003,9.032201017737885
20171020004,7.045886053135367
20171020011,63.74479545496164
20171020012,23.812587149023003
20171020013,6.797245035119479
20171020014,5.617412953331255
20171020021,57.40192067750209
20171020022,20.700481070588694
20171020023,6.081766382425691
20171020024,4.876479023212864
20171020031,49.29011182149727
20171020032,17.579369706295505
20171020033,5.02917025868908
20171020034,4.460698513772188
20171020041,42.638438743752154
20171020042,15.31243556170074
20171020043,4.66389891342256
20171020044,4.006731948261338
20171020051,37.97950453471688
20171020052,15.112933075715146
20171020053,4.6374082980906906
20171020054,4.033205603390272
20171020061,43.513868472197515
20171020062,16.16391689205393
20171020063,4.742643710181349
20171020064,4.071460468150452
20171020071,48.31590651018676
20171020072,18.280431620311727
20171020073,5.272677548454034
20171020074,4.652003470597293
20171020081,53.58153465761986
20171020082,20.697135706613288
20171020083,5.653088087695227
20171020084,5.221006321437728
20171020091,62.81115146603549
20171020092,24.269851959727976
20171020093,6.822955705111426
20171020094,5.642695757042992
20171020101,80.83507648714658
20171020102,27.864547823358894
20171020103,8.7982102234911
20171020104,6.982717962954191
20171020111,94.90332997518448
20171020112,32.92306932597977
20171020113,9.916441339775837
20171020114,8.220682347716636
20171020121,99.50211928680457
20171020122,34.42047071377386
20171020123,11.389273469525024
20171020124,8.683683341143032
20171020131,89.93659877919121
20171020132,31.239775007158123
20171020133,9.406868228118896
20171020134,7.951027127184498
20171020141,95.62375980950135
20171020142,34.60258195035666
20171020143,10.567744825917378
20171020144,8.956329744920513
20171020151,94.50443018289072
20171020152,34.754333421515796
20171020153,11.047978179321806
20171020154,8.8795949933447
20171020161,92.82385837247524
20171020162,34.30997776563528
20171020163,10.542458341160083
20171020164,8.645954513192487
20171020171,92.29996100196402
20171020172,33.8942660739312
20171020173,10.577506045241286
20171020174,8.694362176085615
20171020181,96.22478195900251
20171020182,35.67220781302792
20171020183,11.051997831625634
20171020184,8.900303857084884
20171020191,97.39536396168393
20171020192,36.477242292293845
20171020193,10.78155818352578
20171020194,8.900303857084884
20171020201,93.23091722904546
20171020202,34.692339943003056
20171020203,10.67579937569093
20171020204,8.848769808072431
20171020211,84.32644177021983
20171020212,33.44916339917459
20171020213,10.384914158625232
20171020214,8.629239847345746
20171020221,81.07234354860188
20171020222,31.3790204055991
20171020223,10.257907622965595
20171020224,8.629239847345746
20171020231,77.92595657377703
20171020232,29.555985548915285
20171020233,9.658409586315166
20171020234,8.489535190585693
20171021001,71.40426989691123
20171021002,28.5500776323579
20171021003,8.321293001959404
20171021004,6.813192150007247
20171021011,61.03122553287091
20171021012,22.946923747591185
20171021013,6.444729305190655
20171021014,5.314903045948406
20171021021,52.35693227259352
20171021022,19.40594086771029
20171021023,5.315688686506772
20171021024,4.576039833198666
20171021031,44.85174001772491
20171021032,15.813500031523997
20171021033,4.609883076018145
20171021034,4.2866738514069285
20171021041,37.85464389915799
20171021042,14.060057887368385
20171021043,4.349062612454422
20171021044,3.87902859316808
20171021051,34.22356884677227
20171021052,13.261370586454925
20171021053,4.093362140436698
20171021054,3.9214181725920207
20171021061,36.51420119209504
20171021062,14.30378907367831
20171021063,4.180061191070635
20171021064,3.9709647757492568
20171021071,41.37039628545739
20171021072,15.68325924037012
20171021073,4.589932369121237
20171021074,4.477925109269387
20171021081,45.44190485860868
20171021082,17.72383394142791
20171021083,5.146786952497582
20171021084,4.6617627910618555
20171021091,49.15042712669261
20171021092,20.491673907890174
20171021093,5.997549415578697
20171021094,5.241628468121513
20171021101,60.13264076764966
20171021102,22.739219776260057
20171021103,7.100748827743319
20171021104,6.145140266261996
20171021111,71.45642004284616
20171021112,26.10117081529889
20171021113,7.8328243700863
20171021114,6.808960459437018
20171021121,73.30342883578031
20171021122,27.253273226607174
20171021123,8.486679703521942
20171021124,7.1757421949223
20171021131,65.20323567787848
20171021132,24.685615676084698
20171021133,7.728320730538502
20171021134,6.644672362345847
20171021141,66.9137703342087
20171021142,26.94059019142578
20171021143,8.223093394754553
20171021144,6.849045787202661
20171021151,66.21980298574464
20171021152,28.22747628527243
20171021153,8.413206049069961
20171021154,7.039158441518069
20171021161,64.44549740178924
20171021162,27.94520669071261
20171021163,8.413206049069961
20171021164,7.039158441518069
20171021171,64.02380134110146
20171021172,28.502928427932627
20171021173,8.491848970913725
20171021174,7.047261118304365
20171021181,69.46060083483884
20171021182,31.443224506087503
20171021183,8.86305342701473
20171021184,7.258833118575086
20171021191,72.36483497430972
20171021192,33.68347520914369
20171021193,9.452234534034309
20171021194,7.258833118575086
20171021201,76.702215184814
20171021202,36.46327269003035
20171021203,9.5700008890257
20171021204,7.571543882107165
20171021211,74.62002329011851
20171021212,34.065414158232805
20171021213,9.45785270619051
20171021214,7.213967951282557
20171021221,71.36135088579177
20171021222,31.20633790735142
20171021223,9.155771057006566
20171021224,7.7921020600949555
20171021231,69.4729778639301
20171021232,29.307210338540497
20171021233,9.059372426892164
20171021234,7.264063308945168
20171022001,62.26831593464694
20171022002,27.68299146819597
20171022003,7.867003307587272
20171022004,6.141573863508907
20171022011,53.27880474854836
20171022012,22.08543527889614
20171022013,6.171689590822971
20171022014,4.617047176302686
20171022021,46.16963701853554
20171022022,17.932426048386027
20171022023,5.036947588300038
20171022024,4.374395505215036
20171022031,39.4205033175004
20171022032,14.975161245787222
20171022033,4.637352783463526
20171022034,3.8949445174630877
20171022041,33.05799149468718
20171022042,12.800945732158702
20171022043,4.351047897658707
20171022044,3.844576307416352
20171022051,29.78006098406862
20171022052,11.800138353472667
20171022053,4.095347425640982
20171022054,3.8498134393635914
20171022061,33.46293004185704
20171022062,13.07863256882786
20171022063,4.1948400309275105
20171022064,3.983758330401848
20171022071,36.60715622629246
20171022072,14.866033161752341
20171022073,4.630195631219209
20171022074,4.465234241680881
20171022081,41.841347739169436
20171022082,16.535419155933543
20171022083,5.130659725910065
20171022084,4.674556345714446
20171022091,46.28294158538131
20171022092,19.31783404918698
20171022093,5.730910787721278
20171022094,5.1980315340886145
20171022101,51.49957664823606
20171022102,21.069149723891254
20171022103,6.440054916287822
20171022104,5.893183681720889
20171022111,59.979984676251384
20171022112,24.134489752292733
20171022113,7.249529641018455
20171022114,6.179264525571494
20171022121,63.71999141918183
20171022122,24.698232218426543
20171022123,7.278488690592103
20171022124,6.375116210859309
20171022131,56.874932432074594
20171022132,23.3943194502594
20171022133,6.79389565854169
20171022134,5.723177154594175
20171022141,59.56374672884189
20171022142,23.83118184321201
20171022143,7.029665171079756
20171022144,5.856596223323107
20171022151,62.17298997840304
20171022152,24.992266128773085
20171022153,7.157929934991473
20171022154,5.984860987234824
20171022161,60.595393642039056
20171022162,26.032268288987392
20171022163,7.157929934991473
20171022164,5.984860987234824
20171022171,60.76278355687585
20171022172,27.176109310135434
20171022173,7.502668799343858
20171022174,6.002287857255777
20171022181,64.61698730642892
20171022182,29.261376942662423
20171022183,7.9494842978551805
20171022184,6.188210900640845
20171022191,71.14078432488162
20171022192,31.265757340438977
20171022193,8.51860990249713
20171022194,6.188210900640845
20171022201,72.59098877565062
20171022202,34.89703488898688
20171022203,8.971659470915018
20171022204,6.839610506260649
20171022211,70.25952268222605
20171022212,34.79383507557407
20171022213,8.757309288083926
20171022214,6.4894035128319265
20171022221,68.65366104201807
20171022222,34.66960419655309
20171022223,8.816444940800018
20171022224,6.853828361586489
20171022231,66.67671987924992
20171022232,34.08944811643621
20171022233,8.73855139265332
20171022234,6.412437751754955
20171023001,63.85478446800682
20171023002,31.749374554519783
20171023003,8.116265843832958
20171023004,5.288143115453516
20171023011,56.65502866829384
20171023012,27.460144816621327
20171023013,6.259390344904891
20171023014,4.410963244253553
20171023021,48.87403862530329
20171023022,23.21756504343421
20171023023,5.18067765197083
20171023024,3.9711761680325877
20171023031,43.603278448289934
20171023032,19.496343159144754
20171023033,4.819875159692149
20171023034,4.007987332010492
20171023041,38.21588217607795
20171023042,16.743528612032065
20171023043,4.527673190431831
20171023044,3.929212889304418
20171023051,36.27881092246853
20171023052,17.01686081913441
20171023053,4.693367486976822
20171023054,4.076815438039495
20171023061,40.359181842343595
20171023062,18.00676245923104
20171023063,4.896434866571
20171023064,4.234068711594
20171023071,45.84732220344485
20171023072,19.684735374353068
20171023073,5.523540153482479
20171023074,4.810664834331321
20171023081,51.376416656070994
20171023082,21.874366230493003
20171023083,6.0565670365708515
20171023084,5.466522084087112
20171023091,60.86684107284956
20171023092,26.238561125646807
20171023093,7.133545500242731
20171023094,5.934661298651757
20171023101,81.45340761590485
20171023102,30.447652200326413
20171023103,8.576257821550065
20171023104,7.012996387160234
20171023111,103.14223059975497
20171023112,36.481488541951144
20171023113,9.780236361796659
20171023114,8.443395650149807
20171023121,109.3269083153372
20171023122,36.79937327244004
20171023123,10.746152314607661
20171023124,8.850716601107917
20171023131,96.61404959336856
20171023132,34.933435929037735
20171023133,9.317960244107438
20171023134,7.975836432153192
20171023141,105.81637157337997
20171023142,38.21714177723675
20171023143,9.631040530381426
20171023144,8.803632476293267
20171023151,108.18764760114549
20171023152,39.277523942787
20171023153,9.832179214469468
20171023154,8.7614283097119
20171023161,105.70338514443544
20171023162,37.32351915636792
20171023163,9.11037883129021
20171023164,8.523876897350105
20171023171,107.42922104111472
20171023172,36.5960704473048
20171023173,9.485903918680345
20171023174,8.594052481151742
20171023181,113.50502106932338
20171023182,37.94809396110391
20171023183,9.65518129981943
20171023184,8.6990097363747
20171023191,119.1845025685062
20171023192,40.35129135178767
20171023193,10.214895675578953
20171023194,8.6990097363747
20171023201,111.27715997278524
20171023202,39.016948508851684
20171023203,10.158209001989533
20171023204,8.535236229646095
20171023211,105.4930355718007
20171023212,36.75554917451174
20171023213,9.890164121631463
20171023214,8.39613066671283
20171023221,98.25027271808237
20171023222,35.39504580092778
20171023223,9.890164121631463
20171023224,8.247085934950531
20171023231,90.19191268452555
20171023232,34.62477118660363
20171023233,9.784724609082573
20171023234,7.9074027096640105
20171024001,82.94732293206984
20171024002,33.17196239835228
20171024003,8.332759484422295
20171024004,6.257869558072572
20171024011,69.9887187704229
20171024012,28.02441951960651
20171024013,6.308066109419553
20171024014,4.891949201996926
20171024021,59.4144560822822
20171024022,22.920572516172136
20171024023,5.349906400248454
20171024024,4.5463551540886185
20171024031,52.914994130186805
20171024032,19.592222989987793
20171024033,4.700491278445315
20171024034,4.304662349002458
20171024041,45.11753912839289
20171024042,16.969670177159948
20171024043,4.458798473359154
20171024044,3.97212001180906
20171024051,41.189845199169895
20171024052,16.531576843225732
20171024053,4.301729438596542
20171024054,4.079133356383194
20171024061,45.67508133751903
20171024062,17.676424859370325
20171024063,4.4342425952701525
20171024064,4.121510250062787
20171024071,50.09945337150757
20171024072,20.320164010455308
20171024073,4.89607837348258
20171024074,4.702053252509629
20171024081,55.90194705638588
20171024082,21.792264198039344
20171024083,5.573070071677871
20171024084,5.307401338091262
20171024091,65.6584825041365
20171024092,24.207518102447562
20171024093,6.424750871394107
20171024094,5.729090773696526
20171024101,82.07977940112133
20171024102,28.061856246645764
20171024103,8.527215136353615
20171024104,6.961140060123676
20171024111,94.67569780376999
20171024112,33.3798479307082
20171024113,9.82417968402155
20171024114,8.295840548837873
20171024121,102.33988966307905
20171024122,34.99787627803835
20171024123,11.209569172077428
20171024124,8.926313795035293
20171024131,93.87136417876582
20171024132,33.85689690685286
20171024133,9.241904374538835
20171024134,8.034403623185032
20171024141,96.02875793349662
20171024142,36.84756016261917
20171024143,10.300282268985102
20171024144,9.051391077452143
20171024151,95.67049464689391
20171024152,36.40409851891329
20171024153,10.265784796305706
20171024154,8.974656325876333
20171024161,94.42635214598009
20171024162,34.89114870487705
20171024163,9.469199095844049
20171024164,8.797986091011047
20171024171,93.75268410409556
20171024172,35.2253514235857
20171024173,9.370489151688345
20171024174,8.846393753904177
20171024181,100.35802991580765
20171024182,36.536023122112276
20171024183,9.585550431832495
20171024184,8.981884259481184
20171024191,104.51051538806236
20171024192,39.02435034740454
20171024193,9.976878239840174
20171024194,8.981884259481184
20171024201,102.35390387743443
20171024202,37.172786468137225
20171024203,9.868022605618894
20171024204,8.891505609901925
20171024211,95.28786416520809
20171024212,34.89055074137655
20171024213,9.661798069437227
20171024214,8.653700236229547
20171024221,91.31562247346704
20171024222,34.23267409011823
20171024223,9.661798069437227
20171024224,8.653700236229547
20171024231,86.21981351235041
20171024232,32.58113819499685
20171024233,9.556358556888338
20171024234,8.548260723680658
20171025001,79.20358689686735
20171025002,31.76008489658448
20171025003,8.215463058413485
20171025004,6.77910658668776
20171025011,67.87351638588557
20171025012,27.804491449524022
20171025013,6.278979144994484
20171025014,5.617508419164611
20171025021,57.575650460319174
20171025022,22.798063531599414
20171025023,5.320819435823385
20171025024,4.804930876432564
20171025031,51.81882945151245
20171025032,19.820683543200463
20171025033,4.671404314020246
20171025034,4.389150366991887
20171025041,45.22473590574133
20171025042,16.751712519469976
20171025043,4.33984283049851
20171025044,3.935183801481035
20171025051,41.72788113868242
20171025052,16.281505370254354
20171025053,4.143818717099157
20171025054,3.9873261431234193
20171025061,45.15542862967526
20171025062,17.271676023206098
20171025063,4.276331873772768
20171025064,4.029703036803014
20171025071,50.175546812854
20171025072,19.772614258531647
20171025073,4.732286327473863
20171025074,4.610246039249855
20171025081,55.09600951382258
20171025082,21.38783029112142
20171025083,5.393591897298575
20171025084,5.14351750777542
20171025091,63.139546849221716
20171025092,24.226885419836186
20171025093,5.996625108552507
20171025094,5.565206943380684
20171025101,83.70707873663349
20171025102,28.58704333584652
20171025103,8.099423819435934
20171025104,6.946921226412143
20171025111,102.640669568824
20171025112,33.69842282721128
20171025113,9.380148817538046
20171025114,8.208226857976996
20171025121,107.43999619686515
20171025122,34.807553113198956
20171025123,10.469521667639555
20171025124,8.693693938135965
20171025131,94.4549682938085
20171025132,31.79253596618628
20171025133,8.972049919708992
20171025134,7.943462088955861
20171025141,102.0750604466969
20171025142,35.673195042974434
20171025143,10.012187452792626
20171025144,8.948764706691877
20171025151,104.43022521367894
20171025152,34.66515597224375
20171025153,10.327767325739853
20171025154,8.872029955116068
20171025161,103.97451022383089
20171025162,34.28643883564372
20171025163,9.715779376378459
20171025164,8.695359720250782
20171025171,104.15358874696294
20171025172,33.98416828791531
20171025173,9.687726322573484
20171025174,8.768000988339104
20171025181,107.99249173382464
20171025182,35.783103286110105
20171025183,10.160890007389494
20171025184,8.90349149391611
20171025191,109.29532699846423
20171025192,37.57418654895174
20171025193,9.958292988927118
20171025194,8.90349149391611
20171025201,104.58781860802091
20171025202,36.581660667191294
20171025203,9.809045319516809
20171025204,8.808468583328198
20171025211,99.44658100865315
20171025212,34.05334581855883
20171025213,9.602820783335142
20171025214,8.519709813544022
20171025221,90.5467876896157
20171025222,33.01332999840764
20171025223,9.602820783335142
20171025224,8.519709813544022
20171025231,87.29062039860158
20171025232,31.581079214421706
20171025233,9.278041306922614
20171025234,8.421126233415215
20171026001,81.64520753875435
20171026002,31.071992344178486
20171026003,8.077088351835505
20171026004,6.693048637589654
20171026011,67.0799993065766
20171026012,25.988309681446175
20171026013,6.2699976708679435
20171026014,5.389990853198118
20171026021,57.15110584671698
20171026022,21.301973644067267
20171026023,5.180621718452071
20171026024,4.651127640448379
20171026031,49.46957048461636
20171026032,18.134643135016645
20171026033,4.660996239535093
20171026034,4.316505060939724
20171026041,43.20421994338829
20171026042,15.713420256571585
20171026043,4.329434756013357
20171026044,3.9088598027008756
20171026051,40.15356452300606
20171026052,15.963568649064241
20171026053,4.133410642614004
20171026054,3.976918068638265
20171026061,44.799151979880214
20171026062,16.576864660964777
20171026063,4.265923799287615
20171026064,4.01929496231786
20171026071,50.046209479793326
20171026072,19.804356222530842
20171026073,4.72187825298871
20171026074,4.599837964764702
20171026081,54.62942007409399
20171026082,21.453277483914025
20171026083,5.3625247164428025
20171026084,5.168840815605137
20171026091,63.41344205233447
20171026092,24.29233261262879
20171026093,5.791032517097666
20171026094,5.5905302512104
20171026101,84.00081947049709
20171026102,28.798853009390943
20171026103,8.089790790131339
20171026104,6.9722445342418595
20171026111,102.10770210326032
20171026112,33.84276694681692
20171026113,9.146566751160028
20171026114,8.202560767746489
20171026121,108.02739958818533
20171026122,34.84007522837077
20171026123,10.20433519171612
20171026124,8.688027847905458
20171026131,98.54977576758546
20171026132,31.716343499095277
20171026133,8.966383829478485
20171026134,7.9377959987253535
20171026141,103.91763493451576
20171026142,35.48011798359089
20171026143,10.006521362562118
20171026144,8.94309861646137
20171026151,105.43503189237461
20171026152,34.69767808741557
20171026153,10.322101235509345
20171026154,8.86636386488556
20171026161,103.33703926618077
20171026162,34.08134969511954
20171026163,9.811273668045072
20171026164,8.689693630020274
20171026171,102.34513557650246
20171026172,33.56373651843727
20171026173,9.783220614240097
20171026174,8.762334898108596
20171026181,106.9162643361918
20171026182,35.59002622672656
20171026183,10.155223917158986
20171026184,8.897825403685603
20171026191,108.87811994383266
20171026192,36.370734491869484
20171026193,9.95262689869661
20171026194,8.897825403685603
20171026201,104.2536994902545
20171026202,35.108771004819275
20171026203,9.803379229286302
20171026204,8.80280249309769
20171026211,96.39597333472112
20171026212,33.47727393895409
20171026213,9.597154693104635
20171026214,8.599953456559623
20171026221,89.7634820872594
20171026222,32.52372977806838
20171026223,9.597154693104635
20171026224,8.599953456559623
20171026231,85.28021632398271
20171026232,31.044470650460028
20171026233,9.176880925025493
20171026234,8.46522369710693
20171027001,76.13080009897045
20171027002,28.86776547903595
20171027003,8.111681318782727
20171027004,6.825236174314082
20171027011,63.604527625395846
20171027012,23.668437805653546
20171027013,6.295163349508802
20171027014,5.4304096557671455
20171027021,56.69012278086561
20171027022,20.556331727219238
20171027023,5.205787397092929
20171027024,4.676293319089237
20171027031,48.88303149146739
20171027032,17.43522036292605
20171027033,4.6861619181759515
20171027034,4.341670739580582
20171027041,42.32445926482502
20171027042,15.050135846820258
20171027043,4.354600434654215
20171027044,3.9340254813417324
20171027051,37.44157120587705
20171027052,14.710090538680538
20171027053,4.1329076347414135
20171027054,3.976415060765674
20171027061,41.48028783456211
20171027062,15.909274344497087
20171027063,4.219606685375351
20171027064,4.014669925525856
20171027071,46.54569679671522
20171027072,18.108664468110895
20171027073,4.717253216196706
20171027074,4.595212927972698
20171027081,51.29089425591781
20171027082,20.525368554412456
20171027083,5.3578996796507985
20171027084,5.164215778813133
20171027091,59.71259497878438
20171027092,24.098084807527144
20171027093,5.786407480305662
20171027094,5.585905214418396
20171027101,79.0038104097985
20171027102,27.69278067115806
20171027103,7.9575639429729685
20171027104,6.925927420329596
20171027111,96.15474640194276
20171027112,32.53125524068804
20171027113,9.02168647356085
20171027114,8.12984945077917
20171027121,100.39474426254571
20171027122,33.99517178567449
20171027123,9.883458652979186
20171027124,8.592850444205567
20171027131,89.907861864361
20171027132,30.51460113427622
20171027133,8.655377300642625
20171027134,7.86019423024703
20171027141,94.66611010678403
20171027142,34.34796968284469
20171027143,9.873406128906378
20171027144,8.865496847983044
20171027151,93.93948474378612
20171027152,33.95017967103651
20171027153,10.018800331993976
20171027154,8.788762096407234
20171027161,91.15795209389466
20171027162,32.79570630169605
20171027163,9.673357149734262
20171027164,8.555121616255018
20171027171,90.84835803594322
20171027172,32.69655914755471
20171027173,9.645304095929287
20171027174,8.627762884343342
20171027181,93.44054983720677
20171027182,34.86693383381085
20171027183,9.865403943778949
20171027184,8.833704565342611
20171027191,93.50701941009552
20171027192,35.68150113479664
20171027193,9.8329925951762
20171027194,8.833704565342611
20171027201,91.40311565016998
20171027202,34.36480664738032
20171027203,9.722589526332698
20171027204,8.777526255321504
20171027211,83.30568182784926
20171027212,32.47220536138021
20171027213,9.33585756727619
20171027214,8.557996294594815
20171027221,79.58635474096356
20171027222,30.889496462650033
20171027223,8.99802814391187
20171027224,8.557996294594815
20171027231,77.30521119493928
20171027232,29.036846488797828
20171027233,8.748300171268488
20171027234,8.383335300700455
20171028001,69.56332267268718
20171028002,27.82133608635516
20171028003,7.757253209356758
20171028004,6.6681921457989155
20171028011,58.454494268671
20171028012,22.083728223065457
20171028013,6.018973367706014
20171028014,5.201722014638322
20171028021,51.015183544820935
20171028022,18.57960690087892
20171028023,4.93641578033974
20171028024,4.519249290574071
20171028031,43.882728145877536
20171028032,15.591536228383566
20171028033,4.48843391403642
20171028034,4.229883308782333
20171028041,36.83781166689784
20171028042,13.794955085132237
20171028043,3.885502615333213
20171028044,3.8222380505434854
20171028051,33.053719656173016
20171028052,13.111422021279857
20171028053,3.911976270462145
20171028054,3.864627629967425
20171028061,35.44298955984158
20171028062,14.141601025577467
20171028063,3.9615228736193813
20171028064,3.9141742331246623
20171028071,40.191557174606224
20171028072,15.510203923528254
20171028073,4.468483207139512
20171028074,4.421134566644792
20171028081,44.425126347109725
20171028082,17.550778624586044
20171028083,4.65232088893198
20171028084,4.60497224843726
20171028091,47.948139566678734
20171028092,20.31861859104831
20171028093,5.303830178605295
20171028094,5.184837925496917
20171028101,56.539222129211325
20171028102,22.567452624059225
20171028103,6.614167264361273
20171028104,6.088349723637401
20171028111,65.46746886504336
20171028112,25.891073297708136
20171028113,7.156402220119071
20171028114,6.718127562499551
20171028121,68.92266219263186
20171028122,27.022311991624036
20171028123,7.695927725630486
20171028124,7.084909297984833
20171028131,60.44547596451963
20171028132,24.412384950299668
20171028133,7.111569760016112
20171028134,6.553839465408379
20171028141,62.995329875741355
20171028142,25.443915691910775
20171028143,7.498069742429963
20171028144,6.7582128902651935
20171028151,63.03472179958618
20171028152,26.89142093718265
20171028153,7.550830858804827
20171028154,6.948325544580602
20171028161,60.165544234773876
20171028162,27.534844359855235
20171028163,7.570875886331887
20171028164,6.948325544580602
20171028171,61.132079183267116
20171028172,27.94028593828222
20171028173,7.88554706765892
20171028174,6.9806618265620894
20171028181,65.45132596018648
20171028182,30.750373069115792
20171028183,8.472275130222398
20171028184,7.19223382683281
20171028191,71.3254483820242
20171028192,33.34924458412227
20171028193,8.579433875205574
20171028194,7.19223382683281
20171028201,76.20324325244428
20171028202,35.28113114113284
20171028203,8.98720324589955
20171028204,7.490886985496979
20171028211,73.00529637023129
20171028212,33.17792555442869
20171028213,8.539448302710923
20171028214,6.9750426755574075
20171028221,69.08939180929747
20171028222,30.668041733678606
20171028223,8.640142624604218
20171028224,7.302354669888839
20171028231,66.79760492554463
20171028232,29.02837237526591
20171028233,8.527322808038335
20171028234,6.793525749242958
20171029001,60.44695988225744
20171029002,26.648892451934827
20171029003,7.571434950775702
20171029004,5.770151171528658
20171029011,51.6237441505403
20171029012,21.746638445186267
20171029013,5.952645859064043
20171029014,4.436776322726831
20171029021,45.86430155703009
20171029022,17.657975719086163
20171029023,4.915498426318313
20171029024,4.000978549692052
20171029031,38.619188445501564
20171029032,14.746770889328417
20171029033,4.490419199240704
20171029034,3.803701689086765
20171029041,32.961276604928806
20171029042,12.575624475863584
20171029043,3.912972322778594
20171029044,3.7161810315633272
20171029051,29.683346094310238
20171029052,11.679977356131973
20171029053,3.939445977907527
20171029054,3.793022896738997
20171029061,32.429429093936015
20171029062,12.916444520727017
20171029063,4.001786135717355
20171029064,3.926967787777253
20171029071,35.797813204448794
20171029072,14.702556949010464
20171029073,4.483262046996387
20171029074,4.408443699056286
20171029081,40.17059856306636
20171029082,16.362363839091678
20171029083,4.692584151029952
20171029084,4.617765803089851
20171029091,44.644778917418506
20171029092,18.718486120310914
20171029093,5.287702952017778
20171029094,5.141240991464019
20171029101,50.568399949792536
20171029102,20.89738257169042
20171029103,5.98842969004009
20171029104,5.836393139096294
20171029111,57.859649780373076
20171029112,23.960020873533264
20171029113,6.2134846084428395
20171029114,6.0884316286340265
20171029121,63.05555351559394
20171029122,24.500374183761565
20171029123,6.9631343798723035
20171029124,6.284283313921842
20171029131,57.034774324704024
20171029132,23.027053353578193
20171029133,6.212469699956546
20171029134,5.632344257656708
20171029141,58.2095772168405
20171029142,22.958055323486573
20171029143,6.010572008406635
20171029144,5.76576332638564
20171029151,59.69146354800752
20171029152,23.85966055890845
20171029153,6.708970372671202
20171029154,5.894028090297357
20171029161,59.0736536082432
20171029162,25.348902590914676
20171029163,6.712850727447065
20171029164,5.894028090297357
20171029171,59.638268465980346
20171029172,26.58428090813647
20171029173,7.235319671821069
20171029174,5.935688565513502
20171029181,63.98495426574548
20171029182,28.927146317640993
20171029183,7.618241660689398
20171029184,6.1216116088985695
20171029191,70.6330179710833
20171029192,30.69423617683702
20171029193,7.978261497801783
20171029194,6.1216116088985695
20171029201,73.48590602815423
20171029202,33.83770907424634
20171029203,8.313099000055297
20171029204,6.171414750894565
20171029211,70.48377000966026
20171029212,33.58075507553947
20171029213,8.133245468339972
20171029214,5.9536741537307165
20171029221,68.18032122187856
20171029222,33.084399503896904
20171029223,8.133245468339972
20171029224,6.032136131393974
20171029231,65.79561556780801
20171029232,32.49897610344929
20171029233,8.055351920193276
20171029234,5.815527621417254
20171030001,61.68132035867698
20171030002,30.952060408532244
20171030003,7.3752296774108554
20171030004,5.064979094212813
20171030011,55.83536226556094
20171030012,26.675890330882517
20171030013,5.4475232026872416
20171030014,4.267920130670767
20171030021,48.66067235333086
20171030022,23.09838430665537
20171030023,4.689410640718156
20171030024,3.9143856254079936
20171030031,43.29999931492059
20171030032,19.29423108364005
20171030033,4.44196743523414
20171030034,3.951196789385895
20171030041,37.06043922955172
20171030042,16.54141653652736
20171030043,4.073681691256711
20171030044,3.872422346679823
20171030051,35.349105750967375
20171030052,16.73758697680985
20171030053,4.220839626344981
20171030054,4.0200248954149
20171030061,39.39333162331438
20171030062,17.807425487586972
20171030063,4.299318457193413
20171030064,4.177278168969405
20171030071,43.75204772156172
20171030072,19.50936246433778
20171030073,4.947558192544392
20171030074,4.753874291706726
20171030081,49.16204572039035
20171030082,21.698993320477715
20171030083,5.603415442300182
20171030084,5.4097315414625164
20171030091,59.73574486076894
20171030092,26.053609111531532
20171030093,6.251034619705897
20171030094,5.8778707560271615
20171030101,79.95259989993932
20171030102,30.205632924264197
20171030103,7.988012210894967
20171030104,6.9562058445356385
20171030111,94.95924024685226
20171030112,36.14112036822224
20171030113,9.211881709912303
20171030114,8.35256275321234
20171030121,102.4790761045544
20171030122,36.220013498587846
20171030123,9.777245697513278
20171030124,8.75988370417045
20171030131,91.99690014853235
20171030132,33.920047588148215
20171030133,8.426510755073805
20171030134,7.885003535215724
20171030141,100.4977177790193
20171030142,36.42346577167645
20171030143,8.950729803605535
20171030144,8.7127995793558
20171030151,100.13333489991753
20171030152,36.25499456690129
20171030153,8.935547202881374
20171030154,8.670595412774432
20171030161,99.8524815524952
20171030162,35.00240512843444
20171030163,8.480615795557624
20171030164,8.460607240238456
20171030171,100.19906409841563
20171030172,35.07989254881313
20171030173,8.477607189032993
20171030174,8.41931929287849
20171030181,103.73955381827366
20171030182,37.040633545700764
20171030183,9.011434312329138
20171030184,8.346314806635542
20171030191,107.65032300626781
20171030192,38.221616335785534
20171030193,9.212855976758075
20171030194,8.245620484742245
20171030201,104.47155048613494
20171030202,38.19232813692805
20171030203,9.24157004881367
20171030204,8.150597574154327
20171030211,99.45434146719829
20171030212,36.16822555320739
20171030213,9.126388450980757
20171030214,7.819136426660166
20171030221,90.29586900830336
20171030222,34.4128883869852
20171030223,9.126388450980757
20171030224,7.819136426660166
20171030231,87.09360850970843
20171030232,33.57821350233
20171030233,9.020948938431868
20171030234,7.713696914111275
20171031001,80.8674235271713
20171031002,32.59714668683393
20171031003,7.5230570700541755
20171031004,6.130231573493596
20171031011,69.11288327665707
20171031012,28.016772309691426
20171031013,6.119617376370727
20171031014,4.852520679001687
20171031021,57.319857750419715
20171031022,22.92250441035704
20171031023,5.093450277689942
20171031024,4.506926631093379
20171031031,51.60724557431822
20171031032,19.594154884172696
20171031033,4.594959247212465
20171031034,4.2652338260072185
20171031041,44.839668649822244
20171031042,16.97160207134485
20171031043,4.353266442126304
20171031044,3.9326914888138216
20171031051,40.55232040090259
20171031052,16.45634697059078
20171031053,4.196197407363692
20171031054,4.039704833387955
20171031061,45.19328998104086
20171031062,17.470818171700405
20171031063,4.328710564037302
20171031064,4.082081727067548
20171031071,49.10778120168162
20171031072,19.92057700574146
20171031073,4.760834259417458
20171031074,4.63879397119345
20171031081,54.800384308690774
20171031082,21.535793038331235
20171031083,5.494216446298238
20171031084,5.244142056775083
20171031091,62.885266029063864
20171031092,24.158896899668456
20171031093,5.787871780604355
20171031094,5.665831492380347
20171031101,77.50497656125387
20171031102,28.013235043866658
20171031103,7.955045696882927
20171031104,6.897880778807497
20171031111,93.82069037776328
20171031112,33.27120819565231
20171031113,9.12396342484733
20171031114,8.232581267521692
20171031121,100.35661788811217
20171031122,34.67242201642134
20171031123,10.011546195543795
20171031124,8.863054513719112
20171031131,88.39374105097734
20171031132,33.21955561931269
20171031133,8.59759488016674
20171031134,7.971144341868852
20171031141,93.20234848743837
20171031142,35.60786860779695
20171031143,9.533424204349599
20171031144,8.988131796135962
20171031151,91.38056540935871
20171031152,35.12018160665379
20171031153,9.678818407437198
20171031154,8.911397044560152
20171031161,90.54684475416839
20171031162,34.49063593564822
20171031163,9.121984372972568
20171031164,8.699770472560555
20171031171,91.44888482353586
20171031172,34.10445151297474
20171031173,8.756101895803274
20171031174,8.772411740648877
20171031181,97.6330689662898
20171031182,35.903386511169536
20171031183,9.21043006588729
20171031184,8.907902246225884
20171031191,102.55327910750354
20171031192,37.59974161172521
20171031193,9.178018717284543
20171031194,8.907902246225884
20171031201,99.45612681417855
20171031202,36.701943892250725
20171031203,9.028771047874233
20171031204,8.812879335637971
20171031211,91.96069321914625
20171031212,34.17362904361826
20171031213,8.822546511692567
20171031214,8.610030299099904
20171031221,87.26149686078202
20171031222,33.13361322346707
20171031223,8.822546511692567
20171031224,8.610030299099904
20171031231,82.79161098946877
20171031232,32.50861743220453
20171031233,8.717106999143677
20171031234,8.504590786551015
